Reaction #,Substrate #,Substrate SMILES,Hydrogen,Carbon,Source,Yield,HAT,ML BDE,NBO Charge,Mulliken Charge,Lowdin Charge,Hirshfeld Charge,Minimum SOMO,Maximum SOMO,Lowest energy SOMO,Average SOMO,Radical Hirshfeld Charge,Minimum electrophilicity,Maximum electrophilicity,Lowest energy electrophilicity,Average electrophilicity,% Vbur H,% Vbur radical,Olefin #,Olefin carbon,Olefin SMILES,Olefin LUMO,Olefin HOMO,SOMO/LUMO difference,SOMO/HOMO difference,% Vbur olefin,Amide,Carbamate,Aldehyde,Phenyl ring,Ether,Halogen,Pyridine,Alkyl chain,Alkyl ring,Ester,Ketone,nitrile
1,1,[H]C(N)=O,H4,C1,5,51,TRUE,93.172745,0.10369,0.088222,0.156509,0.038549,-5.9714,-5.9714,-5.9714,-5.9714,-0.138173,1.297249413,1.297249413,1.297249413,1.297249413,20.31464547,61.6422627,1,C6,O=C1CCCC=C1,-1.6968,-6.7421,4.2746,0.7707,71.56065729,1,0,0,0,0,0,0,0,0,0,0,0
2,1,[H]C(N)=O,H4,C1,5,76,TRUE,93.172745,0.10369,0.088222,0.156509,0.038549,-5.9714,-5.9714,-5.9714,-5.9714,-0.138173,1.297249413,1.297249413,1.297249413,1.297249413,20.31464547,61.6422627,2,C2,C/C=C/C(OC)=O,-1.3725,-7.4732,4.5989,1.5018,71.69631139,1,0,0,0,0,0,0,0,0,0,0,0
3,2,[H]C(N(C)C)=O,H7-H12,C3,5,86,TRUE,92.2349,0.20931,0.117865,0.153014,0.040287,-4.9154,-4.9146,-4.9151,-4.915035339,-0.004328,0.9422255982,0.9425927027,0.9424196139,0.9424134372,24.9001509,60.75500181,3,C3,O=C(/C=C\C(OC)=O)OC,-1.9632,-7.6251,2.951835339,2.710064661,71.91406126,1,0,0,0,0,0,0,0,0,0,0,0
3,2,[H]C(N(C)C)=O,H6,C1,5,0,FALSE,93.20851,0.10882,0.081955,0.166862,0.033286,-5.6861,-5.6346,-5.6861,-5.683707847,-0.057794,1.085609741,1.10665434,1.10665434,1.105466048,27.36555726,66.6177304,3,C3,O=C(/C=C\C(OC)=O)OC,-1.9632,-7.6251,3.720507847,1.941392153,71.91406126,1,0,0,0,0,0,0,0,0,0,0,0
4,2,[H]C(N(C)C)=O,H7-H12,C3,5,71,TRUE,92.2349,0.20931,0.117865,0.153014,0.040287,-4.9154,-4.9146,-4.9151,-4.915035339,-0.004328,0.9422255982,0.9425927027,0.9424196139,0.9424134372,24.9001509,60.75500181,4,C1,C=CC#N,-1.9782,-8.1074,2.936835339,3.192364661,59.79266387,1,0,0,0,0,0,0,0,0,0,0,0
4,2,[H]C(N(C)C)=O,H6,C1,5,0,FALSE,93.20851,0.10882,0.081955,0.166862,0.033286,-5.6861,-5.6346,-5.6861,-5.683707847,-0.057794,1.085609741,1.10665434,1.10665434,1.105466048,27.36555726,66.6177304,4,C1,C=CC#N,-1.9782,-8.1074,3.705507847,2.423692153,59.79266387,1,0,0,0,0,0,0,0,0,0,0,0
5,2,[H]C(N(C)C)=O,H7-H12,C3,5,61,TRUE,92.2349,0.20931,0.117865,0.153014,0.040287,-4.9154,-4.9146,-4.9151,-4.915035339,-0.004328,0.9422255982,0.9425927027,0.9424196139,0.9424134372,24.9001509,60.75500181,5,C1,C=CC(C)=O,-1.9354,-7.0384,2.979635339,2.123364661,60.77911164,1,0,0,0,0,0,0,0,0,0,0,0
5,2,[H]C(N(C)C)=O,H6,C1,5,0,FALSE,93.20851,0.10882,0.081955,0.166862,0.033286,-5.6861,-5.6346,-5.6861,-5.683707847,-0.057794,1.085609741,1.10665434,1.10665434,1.105466048,27.36555726,66.6177304,5,C1,C=CC(C)=O,-1.9354,-7.0384,3.748307847,1.354692153,60.77911164,1,0,0,0,0,0,0,0,0,0,0,0
6,2,[H]C(N(C)C)=O,H7-H12,C3,5,47,TRUE,92.2349,0.20931,0.117865,0.153014,0.040287,-4.9154,-4.9146,-4.9151,-4.915035339,-0.004328,0.9422255982,0.9425927027,0.9424196139,0.9424134372,24.9001509,60.75500181,6,C1,C=CC(OCC)=O,-1.6299,-7.7176,3.285135339,2.802564661,60.65039622,1,0,0,0,0,0,0,0,0,0,0,0
6,2,[H]C(N(C)C)=O,H6,C1,5,0,FALSE,93.20851,0.10882,0.081955,0.166862,0.033286,-5.6861,-5.6346,-5.6861,-5.683707847,-0.057794,1.085609741,1.10665434,1.10665434,1.105466048,27.36555726,66.6177304,6,C1,C=CC(OCC)=O,-1.6299,-7.7176,4.053807847,2.033892153,60.65039622,1,0,0,0,0,0,0,0,0,0,0,0
7,2,[H]C(N(C)C)=O,H7-H12,C3,5,60,TRUE,92.2349,0.20931,0.117865,0.153014,0.040287,-4.9154,-4.9146,-4.9151,-4.915035339,-0.004328,0.9422255982,0.9425927027,0.9424196139,0.9424134372,24.9001509,60.75500181,5,C1,C=CC(C)=O,-1.9354,-7.0384,2.979635339,2.123364661,60.77911164,1,0,0,0,0,0,0,0,0,0,0,0
7,2,[H]C(N(C)C)=O,H6,C1,5,0,FALSE,93.20851,0.10882,0.081955,0.166862,0.033286,-5.6861,-5.6346,-5.6861,-5.683707847,-0.057794,1.085609741,1.10665434,1.10665434,1.105466048,27.36555726,66.6177304,5,C1,C=CC(C)=O,-1.9354,-7.0384,3.748307847,1.354692153,60.77911164,1,0,0,0,0,0,0,0,0,0,0,0
8,3,[H]C(NC)=O,H5,C1,5,46,TRUE,94.27302,0.10115,0.08102,0.16133,0.035081,-5.831,-5.8128,-5.8129,-5.818884441,-0.085627,1.069168044,1.167340571,1.069168044,1.098607847,25.69228673,63.88522685,2,C2,C/C=C/C(OC)=O,-1.3725,-7.4732,4.446384441,1.654315559,71.69631139,1,0,0,0,0,0,0,0,0,0,0,0
8,3,[H]C(NC)=O,H7-H9,C3,5,0,FALSE,92.63003,0.19719,0.128289,0.139427,0.035064,-4.7466,-4.6477,-4.7451,-4.736064188,-0.356767,0.8813142606,0.8944635844,0.8943705099,0.8931098282,20.48556991,58.79969916,2,C2,C/C=C/C(OC)=O,-1.3725,-7.4732,3.363564188,2.737135812,71.69631139,1,0,0,0,0,0,0,0,0,0,0,0
9,4,O=C(OC(C)(C)C)N1CCCC1,"H22-H23, H28-H29","C9, C12",5,59,TRUE,90.73481,0.21069,0.126099,0.173286,0.029282,-4.2097,-4.2083,-4.2083,-4.208992957,-0.015123,0.6728999792,0.6731970193,0.6728999792,0.673047005,35.68558821,71.79175393,4,C1,C=CC#N,-1.9782,-8.1074,2.230792957,3.898407043,59.79266387,0,1,0,0,0,0,0,0,1,0,0,0
9,4,O=C(OC(C)(C)C)N1CCCC2,H13-H21,C5-C7,5,0,FALSE,102.172585,0.21205,0.117948,0.159455,0.025993,-5.8275,-5.7455,-5.7455,-5.761909208,-0.043516,1.00966386,1.069826748,1.00966386,1.021703194,30.44790182,67.27858669,4,C1,C=CC#N,-1.9782,-8.1074,3.783709208,2.345490792,59.79266387,0,1,0,0,0,0,0,0,1,0,0,0
9,4,O=C(OC(C)(C)C)N1CCCC3,H24-H27,"C10, C11",5,0,FALSE,97.33875,0.2008,0.099188,0.170328,0.026498,-5.4637,-5.4635,-5.4637,-5.463602114,-0.019574,0.9552579911,0.9557955275,0.9557955275,0.9555324416,31.31402674,70.03806853,4,C1,C=CC#N,-1.9782,-8.1074,3.485402114,2.643797886,59.79266387,0,1,0,0,0,0,0,0,1,0,0,0
10,5,CCN(C(OC(C)(C)C)=O)CC,"H16-H17, H27-H28","C2, C11",5,51,TRUE,91.9212,0.18736,0.109282,0.169676,0.026939,-4.1931,-4.1615,-4.1931,-4.179156813,-0.056739,0.6360689439,0.6551557405,0.6516203417,0.6447477606,36.84612289,73.17975055,3,C3,O=C(/C=C\C(OC)=O)OC,-1.9632,-7.6251,2.215956813,3.445943187,71.91406126,0,1,0,0,0,0,0,0,0,0,0,0
10,5,CCN(C(OC(C)(C)C)=O)CC,"H29-H31, H13-H15","C1, C12",5,0,FALSE,100.81616,0.20183,0.110206,0.148694,0.023568,-5.918,-5.8367,-5.9169,-5.897162757,0.018735,1.069869439,1.105437003,1.105306392,1.09528946,28.42037487,62.70140322,3,C3,O=C(/C=C\C(OC)=O)OC,-1.9632,-7.6251,3.933962757,1.727937243,71.91406126,0,1,0,0,0,0,0,0,0,0,0,0
10,5,CCN(C(OC(C)(C)C)=O)CC,H18-H26,C7-C9,5,0,FALSE,102.22127,0.20874,0.114606,0.156924,0.027371,-5.8845,-5.7859,-5.7859,-5.79450097,-0.073585,1.034453989,1.103390125,1.035667302,1.038298826,31.4623365,67.31207903,3,C3,O=C(/C=C\C(OC)=O)OC,-1.9632,-7.6251,3.83130097,1.83059903,71.91406126,0,1,0,0,0,0,0,0,0,0,0,0
11,5,CCN(C(OC(C)(C)C)=O)CC,"H16-H17, H27-H28","C2, C11",5,26,TRUE,91.9212,0.18736,0.109282,0.169676,0.026939,-4.1931,-4.1615,-4.1931,-4.179156813,-0.056739,0.6360689439,0.6551557405,0.6516203417,0.6447477606,36.84612289,73.17975055,5,C1,C=CC(C)=O,-1.9354,-7.0384,2.243756813,2.859243187,60.77911164,0,1,0,0,0,0,0,0,0,0,0,0
11,5,CCN(C(OC(C)(C)C)=O)CC,"H29-H31, H13-H15","C1, C12",5,0,FALSE,100.81616,0.20183,0.110206,0.148694,0.023568,-5.918,-5.8367,-5.9169,-5.897162757,0.018735,1.069869439,1.105437003,1.105306392,1.09528946,28.42037487,62.70140322,5,C1,C=CC(C)=O,-1.9354,-7.0384,3.961762757,1.141237243,60.77911164,0,1,0,0,0,0,0,0,0,0,0,0
11,5,CCN(C(OC(C)(C)C)=O)CC,H18-H26,C7-C9,5,0,FALSE,102.22127,0.20874,0.114606,0.156924,0.027371,-5.8845,-5.7859,-5.7859,-5.79450097,-0.073585,1.034453989,1.103390125,1.035667302,1.038298826,31.4623365,67.31207903,5,C1,C=CC(C)=O,-1.9354,-7.0384,3.85910097,1.24389903,60.77911164,0,1,0,0,0,0,0,0,0,0,0,0
12,6,CC(C)(C)CC([H])=O,H19,C6,6,52,TRUE,86.30828,0.0995,0.095026,0.159752,0.026927,-5.3899,-5.323,-5.3899,-5.365836192,-0.199537,1.013377833,1.094927484,1.092886617,1.0653177,24.93386504,69.27689603,3,C3,O=C(/C=C\C(OC)=O)OC,-1.9632,-7.6251,3.402636192,2.259263808,71.91406126,0,0,1,0,0,0,0,0,0,0,0,0
12,6,CC(C)(C)CC([H])=O,"H18,H17",C5,6,0,FALSE,88.88517,0.23133,0.129187,0.196001,0.037646,-6.726,-6.5897,-6.726,-6.681833148,0.103353,1.842315762,1.960480298,1.960480298,1.922325908,38.018087,76.18438558,3,C3,O=C(/C=C\C(OC)=O)OC,-1.9632,-7.6251,4.718633148,0.9432668524,71.91406126,0,0,1,0,0,0,0,0,0,0,0,0
12,6,CC(C)(C)CC([H])=O,H8-H16,"C1, C3, C4",6,0,FALSE,100.03294,0.22801,0.156153,0.167452,0.024246,-6.0093,-5.6794,-5.9778,-5.928809611,0.02686,1.006073683,1.233434199,1.16355051,1.143264423,36.93318113,66.47281322,3,C3,O=C(/C=C\C(OC)=O)OC,-1.9632,-7.6251,3.965609611,1.696290389,71.91406126,0,0,1,0,0,0,0,0,0,0,0,0
13,7,[H]C(CCC1=CC=CC=C1)=O,H11,C1,6,60,TRUE,88.971146,0.10358,0.09338,0.158092,0.030322,-5.5242,-5.4489,-5.4678,-5.472272333,0.093635,1.037819866,1.143862407,1.108016294,1.102413207,24.44342639,29.97309067,1,C6,O=C1CCCC=C1,-1.6968,-6.7421,3.775472333,1.269827667,71.56065729,0,0,1,1,0,0,0,0,0,0,0,0
13,7,[H]C(CCC1=CC=CC=C1)=O,"H12, H13",C2,6,0,FALSE,88.984764,0.23054,0.134929,0.19023,0.03969,-6.6888,-6.6275,-6.6629,-6.66426989,0.030221,1.875350249,1.97125123,1.970502242,1.962870127,36.29509674,41.13358249,1,C6,O=C1CCCC=C1,-1.6968,-6.7421,4.96746989,0.07783011002,71.56065729,0,0,1,1,0,0,0,0,0,0,0,0
13,7,[H]C(CCC1=CC=CC=C1)=O,"H14, H15",C3,6,0,FALSE,87.43041,0.22165,0.13287,0.187021,0.031988,-5.2039,-5.0642,-5.1076,-5.147881937,-0.016462,1.329948033,1.530467691,1.354858843,1.4401152,38.88206221,45.63958427,1,C6,O=C1CCCC=C1,-1.6968,-6.7421,3.451081937,1.594218063,71.56065729,0,0,1,1,0,0,0,0,0,0,0,0
14,8,O=C1OC(C)(CC)CCC1,"H21, H22",C9,1,60,TRUE,95.74665,0.20063,0.115716,0.173363,0.025604,-5.6617,-5.576,-5.6409,-5.636333612,-0.042815,0.9978379188,1.035180716,1.016931877,1.016333155,38.11560523,73.10241817,9,C1,C=CS(=O)(C1=CC=CC=C1)=O,-1.8325,-7.5761,3.803833612,1.939766388,61.13649183,0,0,0,0,0,0,0,1,1,1,0,0
14,8,O=C1OC(C)(CC)CCC1,H11-H13,C5,1,0,FALSE,99.36054,0.21087,0.125319,0.162543,0.029901,-6.5003,-6.1117,-6.2617,-6.279362114,-0.034342,1.219083552,1.424018611,1.296528751,1.304606505,34.00617783,67.58471785,9,C1,C=CS(=O)(C1=CC=CC=C1)=O,-1.8325,-7.5761,4.446862114,1.296737886,61.13649183,0,0,0,0,0,0,0,1,1,1,0,0
14,8,O=C1OC(C)(CC)CCC1,"H14, H15",C6,1,0,FALSE,96.3904,0.20172,0.106518,0.176455,0.025286,-5.8667,-5.6068,-5.7101,-5.691757282,-0.075136,1.027832398,1.163713855,1.081441454,1.078772146,37.51864215,76.97883147,9,C1,C=CS(=O)(C1=CC=CC=C1)=O,-1.8325,-7.5761,3.859257282,1.884342718,61.13649183,0,0,0,0,0,0,0,1,1,1,0,0
14,8,O=C1OC(C)(CC)CCC1,H16-H18,C7,1,0,FALSE,99.12927,0.19967,0.118048,0.145853,0.022891,-6.0763,-5.7518,-5.8742,-5.902912619,-0.043974,1.049278871,1.220359134,1.120676936,1.136436116,30.14740231,63.1605983,9,C1,C=CS(=O)(C1=CC=CC=C1)=O,-1.8325,-7.5761,4.070412619,1.673187381,61.13649183,0,0,0,0,0,0,0,1,1,1,0,0
14,8,O=C1OC(C)(CC)CCC1,"H19, H20",C8,1,0,FALSE,97.37201,0.21959,0.117703,0.182097,0.032278,-5.8528,-5.7159,-5.7292,-5.737271918,-0.037393,1.096929701,1.203118386,1.108218834,1.11294862,38.01531133,77.03266956,9,C1,C=CS(=O)(C1=CC=CC=C1)=O,-1.8325,-7.5761,3.904771918,1.838828082,61.13649183,0,0,0,0,0,0,0,1,1,1,0,0
14,8,O=C1OC(C)(CC)CCC1,"H23, H24",C10,1,0,FALSE,90.14161,0.23308,0.126067,0.194632,0.042453,-6.5465,-6.5052,-6.5447,-6.534359493,0.02533,1.721137671,1.739442635,1.734007158,1.731834851,34.02716451,73.2507125,9,C1,C=CS(=O)(C1=CC=CC=C1)=O,-1.8325,-7.5761,4.701859493,1.041740507,61.13649183,0,0,0,0,0,0,0,1,1,1,0,0
15,9,CC(C)(C)C(CC1CCC(C)C)CCC1=O,H34,C10,1,46,TRUE,94.91813,0.1821,0.057948,0.181813,0.015916,-4.852,-4.47,-4.7405,-4.691450999,-0.078048,0.6844497122,0.8712248343,0.7870811102,0.7800475408,39.26045143,83.69584955,11,C3,N#C/C=C/C#N,-3.4057,-8.5588,1.285750999,3.867349001,70.57416034,0,0,0,0,0,0,0,1,1,0,1,0
15,9,CC(C)(C)C(CC1CCC(C)C)CCC1=O,H17-H25,"C1, C3, C4",1,0,FALSE,99.58556,0.2066,0.129706,0.158016,0.023049,-5.8381,-5.7659,-5.7659,-5.794279469,0.024264,1.088757737,1.134640401,1.089036532,1.10774138,36.98512851,67.35983192,11,C3,N#C/C=C/C#N,-3.4057,-8.5588,2.388579469,2.764520531,70.57416034,0,0,0,0,0,0,0,1,1,0,1,0
15,9,CC(C)(C)C(CC1CCC(C)C)CCC1=O,H26,C5,1,0,FALSE,93.7725,0.19268,0.074147,0.20687,0.016527,-5.0417,-4.9969,-5.033,-5.023486613,-0.042635,0.9212674561,0.9521871342,0.9388583993,0.9341178029,53.56050207,88.06043399,11,C3,N#C/C=C/C#N,-3.4057,-8.5588,1.617786613,3.535313387,70.57416034,0,0,0,0,0,0,0,1,1,0,1,0
15,9,CC(C)(C)C(CC1CCC(C)C)CCC1=O,"H27, H28",C6,1,0,FALSE,96.15148,0.21173,0.107203,0.177324,0.024987,-5.3202,-5.2847,-5.2883,-5.302655054,-0.019303,1.077705772,1.124061481,1.078645516,1.092960387,46.70277602,81.44866441,11,C3,N#C/C=C/C#N,-3.4057,-8.5588,1.896955054,3.256144946,70.57416034,0,0,0,0,0,0,0,1,1,0,1,0
15,9,CC(C)(C)C(CC1CCC(C)C)CCC1=O,H29,C7,1,0,FALSE,86.40126,0.20867,0.078009,0.210066,0.027474,-5.9418,-5.8327,-5.8633,-5.891100464,-0.04114,1.586204463,1.668060957,1.601239674,1.626410775,48.67594304,85.07609555,11,C3,N#C/C=C/C#N,-3.4057,-8.5588,2.485400464,2.667699536,70.57416034,0,0,0,0,0,0,0,1,1,0,1,0
15,9,CC(C)(C)C(CC1CCC(C)C)CCC1=O,"H30, H31",C8,1,0,FALSE,96.25939,0.21523,0.106122,0.188383,0.021918,-5.1665,-5.0897,-5.0897,-5.129408199,-0.043016,0.8505923717,0.8943489442,0.8510128001,0.8702467127,47.47613259,77.66058458,11,C3,N#C/C=C/C#N,-3.4057,-8.5588,1.723708199,3.429391801,70.57416034,0,0,0,0,0,0,0,1,1,0,1,0
15,9,CC(C)(C)C(CC1CCC(C)C)CCC1=O,"H32, H33",C9,1,0,FALSE,96.7536,0.1889,0.086323,0.171219,0.013954,-5.1476,-4.8492,-5.0969,-5.027723035,-0.007536,0.7707071048,0.9005523615,0.8823668221,0.8578118572,40.24284233,76.89332967,11,C3,N#C/C=C/C#N,-3.4057,-8.5588,1.622023035,3.531076965,70.57416034,0,0,0,0,0,0,0,1,1,0,1,0
15,9,CC(C)(C)C(CC1CCC(C)C)CCC1=O,H35-H40,"C11, C12",1,0,FALSE,100.4272,0.20337,0.113066,0.143966,0.021262,-5.6593,-5.268,-5.569,-5.52256314,-0.070855,0.915113427,1.076413414,1.065303667,1.024522099,26.02260105,63.55659056,11,C3,N#C/C=C/C#N,-3.4057,-8.5588,2.11686314,3.03623686,70.57416034,0,0,0,0,0,0,0,1,1,0,1,0
15,9,CC(C)(C)C(CC1CCC(C)C)CCC1=O,"H41, H42",C13,1,0,FALSE,96.25939,0.20103,0.123583,0.185812,0.024194,-5.3582,-5.3049,-5.34,-5.327338116,-0.050743,1.06481903,1.10959638,1.089120695,1.079382074,46.4416533,77.84604965,11,C3,N#C/C=C/C#N,-3.4057,-8.5588,1.921638116,3.231461884,70.57416034,0,0,0,0,0,0,0,1,1,0,1,0
15,9,CC(C)(C)C(CC1CCC(C)C)CCC1=O,"H43, H44",C14,1,0,FALSE,88.99053,0.21534,0.119497,0.187889,0.032207,-6.3316,-6.3186,-6.3271,-6.326210813,0.124766,1.742479281,1.757582521,1.748803965,1.748931807,36.27557532,72.524854,11,C3,N#C/C=C/C#N,-3.4057,-8.5588,2.920510813,2.232589187,70.57416034,0,0,0,0,0,0,0,1,1,0,1,0
16,10,[H]C(C1=CC=C(OC)C=C1)=O,H11,C1,7,77,TRUE,90.14195,0.10552,0.08809,0.166306,0.026127,-5.2961,-5.2942,-5.2942,-5.295130778,0.071048,0.9725443463,0.9773650199,0.9725443463,0.9749059126,26.86156068,66.35511733,3,C3,O=C(/C=C\C(OC)=O)OC,-1.9632,-7.6251,3.331930778,2.329969222,71.91406126,0,0,1,1,1,0,0,0,0,0,0,0
16,10,[H]C(C1=CC=C(OC)C=C1)=O,H14-H16,C7,7,0,FALSE,96.56867,0.18077,0.13588,0.146677,0.036035,-5.662,-5.6312,-5.662,-5.646819697,-0.000332,1.310121791,1.33240743,1.33240743,1.321423574,26.05899632,59.96414399,3,C3,O=C(/C=C\C(OC)=O)OC,-1.9632,-7.6251,3.683619697,1.978280303,71.91406126,0,0,1,1,1,0,0,0,0,0,0,0
17,10,[H]C(C1=CC=C(OC)C=C1)=O,H11,C1,7,62,TRUE,90.14195,0.10552,0.08809,0.166306,0.026127,-5.2961,-5.2942,-5.2942,-5.295130778,0.071048,0.9725443463,0.9773650199,0.9725443463,0.9749059126,26.86156068,66.35511733,1,C6,O=C1CCCC=C1,-1.6968,-6.7421,3.598330778,1.446969222,71.56065729,0,0,1,1,1,0,0,0,0,0,0,0
17,10,[H]C(C1=CC=C(OC)C=C1)=O,H14-H16,C7,7,0,FALSE,96.56867,0.18077,0.13588,0.146677,0.036035,-5.662,-5.6312,-5.662,-5.646819697,-0.000332,1.310121791,1.33240743,1.33240743,1.321423574,26.05899632,59.96414399,1,C6,O=C1CCCC=C1,-1.6968,-6.7421,3.950019697,1.095280303,71.56065729,0,0,1,1,1,0,0,0,0,0,0,0
18,10,[H]C(C1=CC=C(OC)C=C1)=O,H11,C1,7,53,TRUE,90.14195,0.10552,0.08809,0.166306,0.026127,-5.2961,-5.2942,-5.2942,-5.295130778,0.071048,0.9725443463,0.9773650199,0.9725443463,0.9749059126,26.86156068,66.35511733,7,C1,C=C1C2CCC(C2)C1=O,-1.75,-6.6841,3.545130778,1.388969222,60.93885738,0,0,1,1,1,0,0,0,0,0,0,0
18,10,[H]C(C1=CC=C(OC)C=C1)=O,H14-H16,C7,7,0,FALSE,96.56867,0.18077,0.13588,0.146677,0.036035,-5.662,-5.6312,-5.662,-5.646819697,-0.000332,1.310121791,1.33240743,1.33240743,1.321423574,26.05899632,59.96414399,7,C1,C=C1C2CCC(C2)C1=O,-1.75,-6.6841,3.896819697,1.037280303,60.93885738,0,0,1,1,1,0,0,0,0,0,0,0
19,11,CC(C)CCC1=CN=CC=C1,H15,C2,3,68,TRUE,94.97104,0.19882,0.094997,0.193706,0.017657,-4.9412,-4.7368,-4.7868,-4.802096534,-0.080064,0.7852593622,0.8613196172,0.78853233,0.8200887538,49.97072976,83.65764961,3,C3,O=C(/C=C\C(OC)=O)OC,-1.9632,-7.6251,2.838896534,2.823003466,71.91406126,0,0,0,0,0,0,1,1,0,0,0,0
19,11,CC(C)CCC1=CN=CC=C1,"H12-H14, H16-H18","C1, C3",3,0,FALSE,100.43485,0.2064,0.115692,0.146017,0.02379,-5.7834,-5.4491,-5.7586,-5.714677588,-0.006978,0.9742256331,1.122366187,1.091162606,1.08727284,26.03539943,64.009034,3,C3,O=C(/C=C\C(OC)=O)OC,-1.9632,-7.6251,3.751477588,1.910422412,71.91406126,0,0,0,0,0,0,1,1,0,0,0,0
19,11,CC(C)CCC1=CN=CC=C1,"H19, H20",C4,3,0,FALSE,97.53741,0.19775,0.099212,0.175346,0.019118,-5.3994,-5.2754,-5.3994,-5.341388093,-0.039985,0.9936933463,1.037642946,1.026707579,1.019347465,41.48955399,75.85661016,3,C3,O=C(/C=C\C(OC)=O)OC,-1.9632,-7.6251,3.378188093,2.283711907,71.91406126,0,0,0,0,0,0,1,1,0,0,0,0
19,11,CC(C)CCC1=CN=CC=C1,"H21, H22",C5,3,0,FALSE,87.33477,0.21427,0.123315,0.178692,0.028567,-5.0815,-5.0285,-5.0285,-5.049332408,-0.010025,1.33119331,1.362943384,1.339482364,1.348485032,33.89556594,75.55353262,3,C3,O=C(/C=C\C(OC)=O)OC,-1.9632,-7.6251,3.086132408,2.575767592,71.91406126,0,0,0,0,0,0,1,1,0,0,0,0
20,12,[H]C(C1=CC=C(Cl)C=C1)=O,H10,C1,7,82,TRUE,90.14195,0.10977,0.094662,0.167979,0.030853,-5.6993,-5.6956,-5.6993,-5.697459011,0.08302,1.151972561,1.153477228,1.153477228,1.152728559,26.83235826,66.34294712,5,C1,C=CC(C)=O,-1.9354,-7.0384,3.762059011,1.340940989,60.77911164,0,0,1,1,0,1,0,0,0,0,0,0
21,13,[H]C(C1=CC=CC=C1Cl)=O,H10,C1,7,55,TRUE,90.02559,0.13337,0.125302,0.172513,0.030238,-5.6251,-5.5509,-5.612,-5.610821391,0.095255,1.080192431,1.15977621,1.15977621,1.131929617,32.00087861,68.25489831,8,C1,C=CC(OC)=O,-1.673,-7.7812,3.937821391,2.170378609,60.62557116,0,0,1,1,0,1,0,0,0,0,0,0
22,14,[H]C(C1=CC=CC(C)=C1)=O,H10,C1,7,58,TRUE,90.06054,0.10745,0.091781,0.167177,0.028613,-5.4421,-5.4417,-5.4421,-5.441999654,0.08076,1.024808388,1.036934527,1.024808388,1.0278504,26.87560939,66.37777137,8,C1,C=CC(OC)=O,-1.673,-7.7812,3.768999654,2.339200346,60.62557116,0,0,1,1,0,0,0,0,0,0,0,0
22,14,[H]C(C1=CC=CC(C)=C1)=O,H14-H16,C7,7,0,FALSE,89.97326,0.22016,0.127371,0.156566,0.033765,-5.5496,-5.5494,-5.5494,-5.549487648,-0.053263,1.55181633,1.584185928,1.584185928,1.570000295,24.71975517,61.16342842,8,C1,C=CC(OC)=O,-1.673,-7.7812,3.876487648,2.231712352,60.62557116,0,0,1,1,0,0,0,0,0,0,0,0
23,15,[H]C(C1=CC=C(C)C=C1)=O,H10,C1,8,98,TRUE,90.14195,0.10656,0.090642,0.166718,0.027724,-5.4011,-5.4011,-5.4011,-5.4011,-0.013652,1.017814191,1.017814191,1.017814191,1.017814191,26.84553742,66.31259931,4,C1,C=CC#N,-1.9782,-8.1074,3.4229,2.7063,59.79266387,0,0,1,1,0,0,0,0,0,0,0,0
23,15,[H]C(C1=CC=C(C)C=C1)=O,H13-H15,C6,8,0,FALSE,89.174965,0.22454,0.132534,0.159128,0.036354,-5.6805,-5.6805,-5.6805,-5.6805,-0.022107,1.92427797,1.92427797,1.92427797,1.92427797,24.7792288,61.27450259,4,C2,C=CC#N,-1.9782,-8.1074,3.7023,2.4269,59.79266387,0,0,1,1,0,0,0,0,0,0,0,0
24,16,O=C1N(C)CCC1,"H11, H12",C5,5,56,TRUE,91.47254,0.18011,0.09978,0.165093,0.022999,-4.532,-4.5262,-4.5262,-4.529028569,-0.040517,0.7664796308,0.7694959218,0.7664796308,0.7677220942,32.69480333,70.13768056,4,C3,C=CC#N,-1.9782,-8.1074,2.550828569,3.578371431,59.79266387,1,0,0,0,0,0,0,0,1,0,0,0
24,16,O=C1N(C)CCC1,H8-H10,C4,5,0,FALSE,92.14225,0.24158,0.171231,0.173725,0.041784,-4.6864,-4.6861,-4.6863,-4.686266534,0.023366,0.9317790814,0.9319916963,0.9318419213,0.9318705605,27.41315235,60.84745181,4,C4,C=CC#N,-1.9782,-8.1074,2.708066534,3.421133466,59.79266387,1,0,0,0,0,0,0,0,1,0,0,0
24,16,O=C1N(C)CCC1,"H13, H14",C6,5,0,FALSE,96.45197,0.21174,0.116074,0.160245,0.030881,-5.6776,-5.6771,-5.6775,-5.677400618,-0.045685,0.9929843711,0.9931433219,0.9931120889,0.9930801242,27.81175101,69.70027275,4,C5,C=CC#N,-1.9782,-8.1074,3.699200618,2.429999382,59.79266387,1,0,0,0,0,0,0,0,1,0,0,0
24,16,O=C1N(C)CCC1,"H15, H16",C7,5,0,FALSE,93.74395,0.22615,0.113105,0.183731,0.038401,-5.9916,-5.9908,-5.9909,-5.99109418,0.042356,1.411848607,1.412265494,1.411996275,1.412034298,30.93657205,70.10161715,4,C6,C=CC#N,-1.9782,-8.1074,4.01289418,2.11630582,59.79266387,1,0,0,0,0,0,0,0,1,0,0,0
25,17,C1CCCCC1,H7,C1,9,68,TRUE,95.105095,0.18902,0.093874,0.171162,0.017543,-5.0226,-4.8661,-5.0226,-5.022358318,-0.044876,0.7675718379,0.8582662653,0.8582662653,0.8581262066,35.06456261,71.85860415,3,C3,O=C(/C=C\C(OC)=O)OC,-1.9632,-7.6251,3.059158318,2.602741682,71.91406126,0,0,0,0,0,0,0,0,1,0,0,0
26,18,[H]C(C1=CC=CN=C1)=O,H9,C1,7,48,TRUE,90.18818,0.11447,0.100124,0.169208,0.034631,-5.8373,-5.7822,-5.7822,-5.799860409,-0.009667,1.172604705,1.19553016,1.172604705,1.179894009,26.7508455,66.15796854,4,C1,C=CC#N,-1.9782,-8.1074,3.821660409,2.307539591,59.79266387,0,0,1,0,0,0,1,0,0,0,0,0
27,18,[H]C(C1=CC=CN=C1)=O,H9,C1,7,41,TRUE,90.18818,0.11447,0.100124,0.169208,0.034631,-5.8373,-5.7822,-5.7822,-5.799860409,-0.009667,1.172604705,1.19553016,1.172604705,1.179894009,26.7508455,66.15796854,8,C1,C=CC(OC)=O,-1.673,-7.7812,4.126860409,1.981339591,60.62557116,0,0,1,0,0,0,1,0,0,0,0,0
28,19,CC(C)CC1=NC=CC=C1,H14,C2,3,49,TRUE,95.23426,0.1875,0.069715,0.185413,0.01685,-4.8567,-4.7781,-4.7781,-4.80363469,-0.079127,0.8268554437,0.8434505282,0.8268554437,0.8323852263,42.72088785,82.60927922,3,C3,O=C(/C=C\C(OC)=O)OC,-1.9632,-7.6251,2.84043469,2.82146531,71.91406126,0,0,0,0,0,0,1,1,0,0,0,0
28,19,CC(C)CC1=NC=CC=C1,"H11-H13, H15-H17","C1, C3",3,0,FALSE,100.58199,0.20347,0.113439,0.157708,0.023676,-5.6432,-5.271,-5.6389,-5.528466587,-0.005374,0.9319856813,1.073234788,1.052737791,1.019629847,32.44370546,62.40608109,3,C3,O=C(/C=C\C(OC)=O)OC,-1.9632,-7.6251,3.565266587,2.096633413,71.91406126,0,0,0,0,0,0,1,1,0,0,0,0
28,19,CC(C)CC1=NC=CC=C1,"H18, H19",C4,3,0,FALSE,87.78652,0.22266,0.125046,0.194486,0.028707,-5.1532,-5.0982,-5.0985,-5.103037488,0.04775,1.35202646,1.383740636,1.359660667,1.361112818,39.66306406,75.9752106,3,C3,O=C(/C=C\C(OC)=O)OC,-1.9632,-7.6251,3.139837488,2.522062512,71.91406126,0,0,0,0,0,0,1,1,0,0,0,0
29,20,CC(C)CCC1=NC=CC=C1,H15,C2,3,70,TRUE,94.96846,0.19512,0.078099,0.19332,0.016608,-4.7241,-4.5547,-4.6646,-4.645819018,0.015917,0.7228203086,0.7872317849,0.7252790229,0.7485649677,49.59967348,83.43069336,3,C3,O=C(/C=C\C(OC)=O)OC,-1.9632,-7.6251,2.682619018,2.979280982,71.91406126,0,0,0,0,0,0,1,1,0,0,0,0
29,20,CC(C)CCC1=NC=CC=C1,"H12-H14, H16-H18","C1, C3",3,0,FALSE,100.43485,0.19711,0.106824,0.150846,0.019802,-5.589,-5.2719,-5.4651,-5.504313491,-0.053228,0.9154551971,1.022424601,1.00477458,1.004225157,29.21868085,62.48791947,3,C3,O=C(/C=C\C(OC)=O)OC,-1.9632,-7.6251,3.541113491,2.120786509,71.91406126,0,0,0,0,0,0,1,1,0,0,0,0
29,20,CC(C)CCC1=NC=CC=C1,"H19, H20",C4,3,0,FALSE,97.586655,0.19966,0.101353,0.174908,0.021298,-5.2208,-5.0938,-5.1203,-5.154983191,-0.043888,0.9032466991,0.9719914881,0.9231363492,0.9444820711,37.99574507,75.59819733,3,C3,O=C(/C=C\C(OC)=O)OC,-1.9632,-7.6251,3.191783191,2.470116809,71.91406126,0,0,0,0,0,0,1,1,0,0,0,0
29,20,CC(C)CCC1=NC=CC=C1,"H21, H22",C5,3,0,FALSE,86.53366,0.22505,0.143449,0.189582,0.030018,-5.1496,-5.0942,-5.0952,-5.10834642,0.049866,1.364105738,1.385107087,1.367266341,1.375758556,39.72740635,75.34647525,3,C3,O=C(/C=C\C(OC)=O)OC,-1.9632,-7.6251,3.14514642,2.51675358,71.91406126,0,0,0,0,0,0,1,1,0,0,0,0
30,20,CC(C)CCC1=NC=CC=C1,H15,C2,3,56,TRUE,94.96846,0.19512,0.078099,0.19332,0.016608,-4.7241,-4.5547,-4.6646,-4.645819018,0.015917,0.7228203086,0.7872317849,0.7252790229,0.7485649677,49.59967348,83.43069336,4,C1,C=CC#N,-1.9782,-8.1074,2.667619018,3.461580982,59.79266387,0,0,0,0,0,0,1,1,0,0,0,0
30,20,CC(C)CCC1=NC=CC=C1,"H12-H14, H16-H18","C1, C3",3,0,FALSE,100.43485,0.19711,0.106824,0.150846,0.019802,-5.589,-5.2719,-5.4651,-5.504313491,-0.053228,0.9154551971,1.022424601,1.00477458,1.004225157,29.21868085,62.48791947,4,C1,C=CC#N,-1.9782,-8.1074,3.526113491,2.603086509,59.79266387,0,0,0,0,0,0,1,1,0,0,0,0
30,20,CC(C)CCC1=NC=CC=C1,"H19, H20",C4,3,0,FALSE,97.586655,0.19966,0.101353,0.174908,0.021298,-5.2208,-5.0938,-5.1203,-5.154983191,-0.043888,0.9032466991,0.9719914881,0.9231363492,0.9444820711,37.99574507,75.59819733,4,C1,C=CC#N,-1.9782,-8.1074,3.176783191,2.952416809,59.79266387,0,0,0,0,0,0,1,1,0,0,0,0
30,20,CC(C)CCC1=NC=CC=C1,"H21, H22",C5,3,0,FALSE,86.53366,0.22505,0.143449,0.189582,0.030018,-5.1496,-5.0942,-5.0952,-5.10834642,0.049866,1.364105738,1.385107087,1.367266341,1.375758556,39.72740635,75.34647525,4,C1,C=CC#N,-1.9782,-8.1074,3.13014642,2.99905358,59.79266387,0,0,0,0,0,0,1,1,0,0,0,0
31,20,CC(C)CCC1=NC=CC=C1,H15,C2,3,55,TRUE,94.96846,0.19512,0.078099,0.19332,0.016608,-4.7241,-4.5547,-4.6646,-4.645819018,0.015917,0.7228203086,0.7872317849,0.7252790229,0.7485649677,49.59967348,83.43069336,9,C1,C=CS(=O)(C1=CC=CC=C1)=O,-1.8325,-7.5761,2.813319018,2.930280982,61.13649183,0,0,0,0,0,0,1,1,0,0,0,0
31,20,CC(C)CCC1=NC=CC=C1,"H12-H14, H16-H18","C1, C3",3,0,FALSE,100.43485,0.19711,0.106824,0.150846,0.019802,-5.589,-5.2719,-5.4651,-5.504313491,-0.053228,0.9154551971,1.022424601,1.00477458,1.004225157,29.21868085,62.48791947,9,C1,C=CS(=O)(C1=CC=CC=C1)=O,-1.8325,-7.5761,3.671813491,2.071786509,61.13649183,0,0,0,0,0,0,1,1,0,0,0,0
31,20,CC(C)CCC1=NC=CC=C1,"H19, H20",C4,3,0,FALSE,97.586655,0.19966,0.101353,0.174908,0.021298,-5.2208,-5.0938,-5.1203,-5.154983191,-0.043888,0.9032466991,0.9719914881,0.9231363492,0.9444820711,37.99574507,75.59819733,9,C1,C=CS(=O)(C1=CC=CC=C1)=O,-1.8325,-7.5761,3.322483191,2.421116809,61.13649183,0,0,0,0,0,0,1,1,0,0,0,0
31,20,CC(C)CCC1=NC=CC=C1,"H21, H22",C5,3,0,FALSE,86.53366,0.22505,0.143449,0.189582,0.030018,-5.1496,-5.0942,-5.0952,-5.10834642,0.049866,1.364105738,1.385107087,1.367266341,1.375758556,39.72740635,75.34647525,9,C1,C=CS(=O)(C1=CC=CC=C1)=O,-1.8325,-7.5761,3.27584642,2.46775358,61.13649183,0,0,0,0,0,0,1,1,0,0,0,0
32,20,CC(C)CCC1=NC=CC=C1,H15,C2,3,47,TRUE,94.96846,0.19512,0.078099,0.19332,0.016608,-4.7241,-4.5547,-4.6646,-4.645819018,0.015917,0.7228203086,0.7872317849,0.7252790229,0.7485649677,49.59967348,83.43069336,5,C1,C=CC(C)=O,-1.9354,-7.0384,2.710419018,2.392580982,60.77911164,0,0,0,0,0,0,1,1,0,0,0,0
32,20,CC(C)CCC1=NC=CC=C1,"H12-H14, H16-H18","C1, C3",3,0,FALSE,100.43485,0.19711,0.106824,0.150846,0.019802,-5.589,-5.2719,-5.4651,-5.504313491,-0.053228,0.9154551971,1.022424601,1.00477458,1.004225157,29.21868085,62.48791947,5,C1,C=CC(C)=O,-1.9354,-7.0384,3.568913491,1.534086509,60.77911164,0,0,0,0,0,0,1,1,0,0,0,0
32,20,CC(C)CCC1=NC=CC=C1,"H19, H20",C4,3,0,FALSE,97.586655,0.19966,0.101353,0.174908,0.021298,-5.2208,-5.0938,-5.1203,-5.154983191,-0.043888,0.9032466991,0.9719914881,0.9231363492,0.9444820711,37.99574507,75.59819733,5,C1,C=CC(C)=O,-1.9354,-7.0384,3.219583191,1.883416809,60.77911164,0,0,0,0,0,0,1,1,0,0,0,0
32,20,CC(C)CCC1=NC=CC=C1,"H21, H22",C5,3,0,FALSE,86.53366,0.22505,0.143449,0.189582,0.030018,-5.1496,-5.0942,-5.0952,-5.10834642,0.049866,1.364105738,1.385107087,1.367266341,1.375758556,39.72740635,75.34647525,5,C1,C=CC(C)=O,-1.9354,-7.0384,3.17294642,1.93005358,60.77911164,0,0,0,0,0,0,1,1,0,0,0,0
33,21,CC(C)CC1=CC=NC=C1,H14,C2,3,58,TRUE,95.55636,0.19247,0.078412,0.187943,0.020454,-5.1055,-5.0905,-5.1055,-5.097537288,0.023622,0.9348083938,0.9876820883,0.9876820883,0.9562647469,42.82426144,82.65425511,3,C3,O=C(/C=C\C(OC)=O)OC,-1.9632,-7.6251,3.134337288,2.527562712,71.91406126,0,0,0,0,0,0,1,1,0,0,0,0
33,21,CC(C)CC1=CC=NC=C2,"H11-H13, H15-H17","C1, C3",3,0,FALSE,100.44863,0.20884,0.116606,0.148108,0.025068,-5.8547,-5.8208,-5.8387,-5.842649228,-0.04834,1.139915836,1.162321081,1.139915836,1.150315169,27.17994105,64.38995487,3,C3,O=C(/C=C\C(OC)=O)OC,-1.9632,-7.6251,3.879449228,1.782450772,71.91406126,0,0,0,0,0,0,1,1,0,0,0,0
33,21,CC(C)CC1=CC=NC=C3,"H18, H19",C4,3,0,FALSE,88.82032,0.21575,0.119256,0.183761,0.028859,-5.4457,-5.4065,-5.4065,-5.409617815,0.001449,1.534790868,1.544303162,1.534790868,1.53677895,37.99681777,76.16195157,3,C3,O=C(/C=C\C(OC)=O)OC,-1.9632,-7.6251,3.446417815,2.215482185,71.91406126,0,0,0,0,0,0,1,1,0,0,0,0
34,22,CC(C)CCC1=CC=NC=C1,H15,C2,3,64,TRUE,94.97104,0.19942,0.095759,0.194009,0.01753,-4.9789,-4.8073,-4.8474,-4.844582878,0.017333,0.8070885375,0.908478214,0.8145890914,0.8402174574,49.97755582,83.60628048,3,C3,O=C(/C=C\C(OC)=O)OC,-1.9632,-7.6251,2.881382878,2.780517122,71.91406126,0,0,0,0,0,0,1,1,0,0,0,0
34,22,CC(C)CCC1=CC=NC=C2,"H12-H14, H16-H18","C1, C3",3,0,FALSE,100.43485,0.2005,0.104479,0.147276,0.019974,-5.7996,-5.5067,-5.7931,-5.776852648,-0.045108,1.001101736,1.139886038,1.117702289,1.121302896,36.07877921,64.39639367,3,C3,O=C(/C=C\C(OC)=O)OC,-1.9632,-7.6251,3.813652648,1.848247352,71.91406126,0,0,0,0,0,0,1,1,0,0,0,0
34,22,CC(C)CCC1=CC=NC=C3,"H19, H20",C4,3,0,FALSE,97.49177,0.20059,0.103796,0.176765,0.020579,-5.4493,-5.3609,-5.4351,-5.416659786,-0.010986,1.014557428,1.051517856,1.041066275,1.039028991,41.58225993,75.93607596,3,C3,O=C(/C=C\C(OC)=O)OC,-1.9632,-7.6251,3.453459786,2.208440214,71.91406126,0,0,0,0,0,0,1,1,0,0,0,0
34,22,CC(C)CCC1=CC=NC=C4,"H21, H22",C5,3,0,FALSE,87.39821,0.21725,0.125731,0.180283,0.030701,-5.4241,-5.3826,-5.3831,-5.395953723,0.003494,1.537265109,1.557611888,1.537963021,1.546274058,33.95114667,75.4772038,3,C3,O=C(/C=C\C(OC)=O)OC,-1.9632,-7.6251,3.432753723,2.229146277,71.91406126,0,0,0,0,0,0,1,1,0,0,0,0
35,23,CC(CCC(OC(C)(C)C)=O)C,H16,C2,1,72,TRUE,95.19521,0.19369,0.085922,0.193151,0.019025,-4.9137,-4.7382,-4.7738,-4.812280745,0.017312,0.7637294852,0.8398370258,0.7637294852,0.7973827015,52.53559669,83.04479205,3,C3,O=C(/C=C\C(OC)=O)OC,-1.9632,-7.6251,2.849080745,2.812819255,71.91406126,0,0,0,0,0,0,0,1,0,1,0,0
35,23,CC(CCC(OC(C)(C)C)=O)C,"H13-H15, H30-H32",C1,1,0,FALSE,100.43175,0.21186,0.138701,0.156504,0.020573,-5.736,-5.595,-5.6099,-5.650077363,-0.047908,1.032347272,1.091271795,1.033485723,1.057107,39.54021752,63.95406463,3,C3,O=C(/C=C\C(OC)=O)OC,-1.9632,-7.6251,3.686877363,1.975022637,71.91406126,0,0,0,0,0,0,0,1,0,1,0,0
35,23,CC(CCC(OC(C)(C)C)=O)C,"H17, H18",C3,1,0,FALSE,97.99734,0.20022,0.102834,0.175162,0.02322,-5.4038,-5.1718,-5.1718,-5.286824101,-0.016401,0.8660481672,1.03881351,0.8660481672,0.9516932178,37.73983054,75.93400086,3,C3,O=C(/C=C\C(OC)=O)OC,-1.9632,-7.6251,3.323624101,2.338275899,71.91406126,0,0,0,0,0,0,0,1,0,1,0,0
35,23,CC(CCC(OC(C)(C)C)=O)C,"H19, H20",C4,1,0,FALSE,91.37456,0.22018,0.145474,0.186028,0.029108,-6.2774,-6.2601,-6.2607,-6.263621804,0.196257,1.616239698,1.640957479,1.618279622,1.624437356,40.00768044,74.78112436,3,C3,O=C(/C=C\C(OC)=O)OC,-1.9632,-7.6251,4.300421804,1.361478196,71.91406126,0,0,0,0,0,0,0,1,0,1,0,0
35,23,CC(CCC(OC(C)(C)C)=O)C,H21-H29,C8-C10,1,0,FALSE,102.15738,0.21186,0.118493,0.162682,0.026519,-6.3609,-5.9484,-5.9547,-5.963854021,-0.072676,1.126867129,1.282664011,1.126867129,1.137483679,32.41190135,67.20332922,3,C3,O=C(/C=C\C(OC)=O)OC,-1.9632,-7.6251,4.000654021,1.661245979,71.91406126,0,0,0,0,0,0,0,1,0,1,0,0
36,23,CC(CCC(OC(C)(C)C)=O)C,H16,C2,1,55,TRUE,95.19521,0.19369,0.085922,0.193151,0.019025,-4.9137,-4.7382,-4.7738,-4.812280745,0.017312,0.7637294852,0.8398370258,0.7637294852,0.7973827015,52.53559669,83.04479205,4,C1,C=CC#N,-1.9782,-8.1074,2.834080745,3.295119255,59.79266387,0,0,0,0,0,0,0,1,0,1,0,0
36,23,CC(CCC(OC(C)(C)C)=O)C,"H13-H15, H30-H32",C1,1,0,FALSE,100.43175,0.21186,0.138701,0.156504,0.020573,-5.736,-5.595,-5.6099,-5.650077363,-0.047908,1.032347272,1.091271795,1.033485723,1.057107,39.54021752,63.95406463,4,C1,C=CC#N,-1.9782,-8.1074,3.671877363,2.457322637,59.79266387,0,0,0,0,0,0,0,1,0,1,0,0
36,23,CC(CCC(OC(C)(C)C)=O)C,"H17, H18",C3,1,0,FALSE,97.99734,0.20022,0.102834,0.175162,0.02322,-5.4038,-5.1718,-5.1718,-5.286824101,-0.016401,0.8660481672,1.03881351,0.8660481672,0.9516932178,37.73983054,75.93400086,4,C1,C=CC#N,-1.9782,-8.1074,3.308624101,2.820575899,59.79266387,0,0,0,0,0,0,0,1,0,1,0,0
36,23,CC(CCC(OC(C)(C)C)=O)C,"H19, H20",C4,1,0,FALSE,91.37456,0.22018,0.145474,0.186028,0.029108,-6.2774,-6.2601,-6.2607,-6.263621804,0.196257,1.616239698,1.640957479,1.618279622,1.624437356,40.00768044,74.78112436,4,C1,C=CC#N,-1.9782,-8.1074,4.285421804,1.843778196,59.79266387,0,0,0,0,0,0,0,1,0,1,0,0
36,23,CC(CCC(OC(C)(C)C)=O)C,H21-H29,C8-C10,1,0,FALSE,102.15738,0.21186,0.118493,0.162682,0.026519,-6.3609,-5.9484,-5.9547,-5.963854021,-0.072676,1.126867129,1.282664011,1.126867129,1.137483679,32.41190135,67.20332922,4,C1,C=CC#N,-1.9782,-8.1074,3.985654021,2.143545979,59.79266387,0,0,0,0,0,0,0,1,0,1,0,0
37,24,O=C1OC(C)CC1,H8,C4,1,80,TRUE,94.39671,0.19181,0.100601,0.182748,0.036643,-5.1743,-5.1708,-5.174,-5.172722104,-0.072928,0.9245437223,0.9261391886,0.9259934282,0.9254477078,33.18675875,79.12426629,9,C1,C=CS(=O)(C1=CC=CC=C1)=O,-1.8325,-7.5761,3.340222104,2.403377896,61.13649183,0,0,0,0,0,0,0,0,1,1,0,0
37,24,O=C1OC(C)CC1,H9-H11,C5,1,0,FALSE,101.42066,0.21278,0.120519,0.152804,0.032686,-6.7161,-6.3059,-6.4603,-6.456872979,-0.037089,1.305859137,1.498463657,1.380763809,1.378705965,25.48845694,61.43026109,9,C1,C=CS(=O)(C1=CC=CC=C1)=O,-1.8325,-7.5761,4.624372979,1.119227021,61.13649183,0,0,0,0,0,0,0,0,1,1,0,0
37,24,O=C1OC(C)CC1,"H12, H13",C6,1,0,FALSE,97.30263,0.21711,0.114756,0.170805,0.034212,-6.0308,-6.0303,-6.0303,-6.030524443,-0.04247,1.221978678,1.222406849,1.221978678,1.222266741,32.80833156,71.31145131,9,C1,C=CS(=O)(C1=CC=CC=C1)=O,-1.8325,-7.5761,4.198024443,1.545575557,61.13649183,0,0,0,0,0,0,0,0,1,1,0,0
37,24,O=C1OC(C)CC1,"H14, H15",C7,1,0,FALSE,93.44478,0.2426,0.135101,0.181107,0.047518,-6.7185,-6.7153,-6.7153,-6.716699903,0.033075,1.784222243,1.786096956,1.784222243,1.784989325,29.32395704,70.06154385,9,C1,C=CS(=O)(C1=CC=CC=C1)=O,-1.8325,-7.5761,4.884199903,0.859400097,61.13649183,0,0,0,0,0,0,0,0,1,1,0,0
38,24,O=C1OC(C)CC1,H8,C4,1,66,TRUE,94.39671,0.19181,0.100601,0.182748,0.036643,-5.1743,-5.1708,-5.174,-5.172722104,-0.072928,0.9245437223,0.9261391886,0.9259934282,0.9254477078,33.18675875,79.12426629,10,C1,C=CC(CC)=O,-1.8684,-6.9924,3.304322104,1.819677896,60.77875345,0,0,0,0,0,0,0,0,1,1,0,0
38,24,O=C1OC(C)CC1,H9-H11,C5,1,0,FALSE,101.42066,0.21278,0.120519,0.152804,0.032686,-6.7161,-6.3059,-6.4603,-6.456872979,-0.037089,1.305859137,1.498463657,1.380763809,1.378705965,25.48845694,61.43026109,10,C1,C=CC(CC)=O,-1.8684,-6.9924,4.588472979,0.535527021,60.77875345,0,0,0,0,0,0,0,0,1,1,0,0
38,24,O=C1OC(C)CC1,"H12, H13",C6,1,0,FALSE,97.30263,0.21711,0.114756,0.170805,0.034212,-6.0308,-6.0303,-6.0303,-6.030524443,-0.04247,1.221978678,1.222406849,1.221978678,1.222266741,32.80833156,71.31145131,10,C1,C=CC(CC)=O,-1.8684,-6.9924,4.162124443,0.9618755573,60.77875345,0,0,0,0,0,0,0,0,1,1,0,0
38,24,O=C1OC(C)CC1,"H14, H15",C7,1,0,FALSE,93.44478,0.2426,0.135101,0.181107,0.047518,-6.7185,-6.7153,-6.7153,-6.716699903,0.033075,1.784222243,1.786096956,1.784222243,1.784989325,29.32395704,70.06154385,10,C1,C=CC(CC)=O,-1.8684,-6.9924,4.848299903,0.275700097,60.77875345,0,0,0,0,0,0,0,0,1,1,0,0
39,25,CC(O1)(CCC(C)C)CCC1=O,H20,C6,1,78,TRUE,94.99053,0.18961,0.074315,0.186075,0.021668,-5.0437,-4.906,-4.906,-4.958321053,-0.078475,0.8440292238,0.9048333052,0.8440292238,0.867657217,39.63560271,81.817626,11,C3,N#C/C=C/C#N,-3.4057,-8.5588,1.552621053,3.600478947,70.57416034,0,0,0,0,0,0,0,1,1,1,0,0
39,25,CC(O1)(CCC(C)C)CCC1=O,H13-H15,C1,1,0,FALSE,101.19341,0.21169,0.125167,0.159622,0.030699,-6.5436,-6.2758,-6.2823,-6.346615794,0.096833,1.30854856,1.439538339,1.311907404,1.343954924,29.88135499,66.18504937,11,C3,N#C/C=C/C#N,-3.4057,-8.5588,2.940915794,2.212184206,70.57416034,0,0,0,0,0,0,0,1,1,1,0,0
39,25,CC(O1)(CCC(C)C)CCC1=O,"H16, H17",C4,1,0,FALSE,97.29949,0.21243,0.107974,0.190985,0.02779,-5.9354,-5.6032,-5.7628,-5.788763525,-0.041821,1.063201585,1.234579225,1.149370883,1.160872519,43.9101774,79.06484779,11,C3,N#C/C=C/C#N,-3.4057,-8.5588,2.383063525,2.770036475,70.57416034,0,0,0,0,0,0,0,1,1,1,0,0
39,25,CC(O1)(CCC(C)C)CCC1=O,"H18, H19",C5,1,0,FALSE,96.781105,0.21045,0.126714,0.188053,0.023068,-5.5109,-5.289,-5.4045,-5.390659687,-0.008702,0.9544614898,1.032743901,1.010152416,1.001584154,50.73655561,79.9953013,11,C3,N#C/C=C/C#N,-3.4057,-8.5588,1.984959687,3.168140313,70.57416034,0,0,0,0,0,0,0,1,1,1,0,0
39,25,CC(O1)(CCC(C)C)CCC1=O,H21-H26,"C7, C8",1,0,FALSE,100.43261,0.19765,0.107931,0.151309,0.020885,-5.8286,-5.7506,-5.7704,-5.775598681,-0.068358,1.104074075,1.133496242,1.110532361,1.111591776,29.42112685,63.90081894,11,C3,N#C/C=C/C#N,-3.4057,-8.5588,2.369898681,2.783201319,70.57416034,0,0,0,0,0,0,0,1,1,1,0,0
39,25,CC(O1)(CCC(C)C)CCC1=O,"H27, H28",C9,1,0,FALSE,96.781105,0.21351,0.119363,0.178663,0.0299,-5.9286,-5.901,-5.9058,-5.907073742,-0.043444,1.165901459,1.190249372,1.165901459,1.169653716,37.04317624,75.1656715,11,C3,N#C/C=C/C#N,-3.4057,-8.5588,2.501373742,2.651726258,70.57416034,0,0,0,0,0,0,0,1,1,1,0,0
39,25,CC(O1)(CCC(C)C)CCC1=O,"H29, H30",C10,1,0,FALSE,93.42277,0.24076,0.128559,0.182115,0.045687,-6.6575,-6.6447,-6.6475,-6.651180805,0.185167,1.786958232,1.800423618,1.800423618,1.795007493,30.62430233,71.21198432,11,C3,N#C/C=C/C#N,-3.4057,-8.5588,3.245480805,1.907619195,70.57416034,0,0,0,0,0,0,0,1,1,1,0,0
40,26,CC(O1)(C)CCCC1=O,"H18, H19",C6,1,52,TRUE,95.75617,0.2129,0.119191,0.165566,0.031397,-5.67,-5.67,-5.67,-5.67,-0.042808,1.025669887,1.025669887,1.025669887,1.025669887,29.69999093,72.85100339,3,C3,O=C(/C=C\C(OC)=O)OC,-1.9632,-7.6251,3.7068,1.9551,71.91406126,0,0,0,0,0,0,0,0,1,1,0,0
40,26,CC(O1)(C)CCCC1=O,H10-H15,C1,1,0,FALSE,99.740166,0.22158,0.1321,0.163402,0.033759,-6.5169,-6.5169,-6.5169,-6.5169,0.098434,1.390890135,1.390890135,1.390890135,1.390890135,29.10638981,64.26155635,3,C3,O=C(/C=C\C(OC)=O)OC,-1.9632,-7.6251,4.5537,1.1082,71.91406126,0,0,0,0,0,0,0,0,1,1,0,0
40,26,CC(O1)(C)CCCC1=O,"H16, H17",C5,1,0,FALSE,97.625916,0.20626,0.111184,0.186154,0.026807,-5.7717,-5.7717,-5.7717,-5.7717,-0.037141,1.112431886,1.112431886,1.112431886,1.112431886,40.46190725,75.30789229,3,C3,O=C(/C=C\C(OC)=O)OC,-1.9632,-7.6251,3.8085,1.8534,71.91406126,0,0,0,0,0,0,0,0,1,1,0,0
40,26,CC(O1)(C)CCCC1=O,"H20, H21",C7,1,0,FALSE,90.26265,0.23277,0.125718,0.194431,0.042471,-6.5552,-6.5552,-6.5552,-6.5552,0.181792,1.730328336,1.730328336,1.730328336,1.730328336,34.08477072,73.23777873,3,C3,O=C(/C=C\C(OC)=O)OC,-1.9632,-7.6251,4.592,1.0699,71.91406126,0,0,0,0,0,0,0,0,1,1,0,0
41,26,CC(O1)(C)CCCC1=O,"H18, H19",C6,1,61,TRUE,95.75617,0.2129,0.119191,0.165566,0.031397,-5.67,-5.67,-5.67,-5.67,-0.042808,1.025669887,1.025669887,1.025669887,1.025669887,29.69999093,72.85100339,9,C1,C=CS(=O)(C1=CC=CC=C1)=O,-1.8325,-7.5761,3.8375,1.9061,61.13649183,0,0,0,0,0,0,0,0,1,1,0,0
41,26,CC(O1)(C)CCCC1=O,H10-H15,C1,1,0,FALSE,99.740166,0.22158,0.1321,0.163402,0.033759,-6.5169,-6.5169,-6.5169,-6.5169,0.098434,1.390890135,1.390890135,1.390890135,1.390890135,29.10638981,64.26155635,9,C1,C=CS(=O)(C1=CC=CC=C1)=O,-1.8325,-7.5761,4.6844,1.0592,61.13649183,0,0,0,0,0,0,0,0,1,1,0,0
41,26,CC(O1)(C)CCCC1=O,"H16, H17",C5,1,0,FALSE,97.625916,0.20626,0.111184,0.186154,0.026807,-5.7717,-5.7717,-5.7717,-5.7717,-0.037141,1.112431886,1.112431886,1.112431886,1.112431886,40.46190725,75.30789229,9,C1,C=CS(=O)(C1=CC=CC=C1)=O,-1.8325,-7.5761,3.9392,1.8044,61.13649183,0,0,0,0,0,0,0,0,1,1,0,0
41,26,CC(O1)(C)CCCC1=O,"H20, H21",C7,1,0,FALSE,90.26265,0.23277,0.125718,0.194431,0.042471,-6.5552,-6.5552,-6.5552,-6.5552,0.181792,1.730328336,1.730328336,1.730328336,1.730328336,34.08477072,73.23777873,9,C1,C=CS(=O)(C1=CC=CC=C1)=O,-1.8325,-7.5761,4.7227,1.0209,61.13649183,0,0,0,0,0,0,0,0,1,1,0,0
42,26,CC(O1)(C)CCCC1=O,"H18, H19",C6,1,64,TRUE,95.75617,0.2129,0.119191,0.165566,0.031397,-5.67,-5.67,-5.67,-5.67,-0.042808,1.025669887,1.025669887,1.025669887,1.025669887,29.69999093,72.85100339,11,C3,N#C/C=C/C#N,-3.4057,-8.5588,2.2643,2.8888,70.57416034,0,0,0,0,0,0,0,0,1,1,0,0
42,26,CC(O1)(C)CCCC1=O,H10-H15,C1,1,0,FALSE,99.740166,0.22158,0.1321,0.163402,0.033759,-6.5169,-6.5169,-6.5169,-6.5169,0.098434,1.390890135,1.390890135,1.390890135,1.390890135,29.10638981,64.26155635,11,C3,N#C/C=C/C#N,-3.4057,-8.5588,3.1112,2.0419,70.57416034,0,0,0,0,0,0,0,0,1,1,0,0
42,26,CC(O1)(C)CCCC1=O,"H16, H17",C5,1,0,FALSE,97.625916,0.20626,0.111184,0.186154,0.026807,-5.7717,-5.7717,-5.7717,-5.7717,-0.037141,1.112431886,1.112431886,1.112431886,1.112431886,40.46190725,75.30789229,11,C3,N#C/C=C/C#N,-3.4057,-8.5588,2.366,2.7871,70.57416034,0,0,0,0,0,0,0,0,1,1,0,0
42,26,CC(O1)(C)CCCC1=O,"H20, H21",C7,1,0,FALSE,90.26265,0.23277,0.125718,0.194431,0.042471,-6.5552,-6.5552,-6.5552,-6.5552,0.181792,1.730328336,1.730328336,1.730328336,1.730328336,34.08477072,73.23777873,11,C3,N#C/C=C/C#N,-3.4057,-8.5588,3.1495,2.0036,70.57416034,0,0,0,0,0,0,0,0,1,1,0,0
43,27,O=C1CC(C)(C)CCC1,"H20, H21",C8,1,50,TRUE,96.386375,0.20968,0.114135,0.164283,0.02802,-5.4726,-5.4065,-5.4065,-5.40813945,-0.04989,1.003175169,1.051827342,1.050902307,1.051420137,30.07202334,73.64536765,11,C3,N#C/C=C/C#N,-3.4057,-8.5588,2.00243945,3.15066055,70.57416034,0,0,0,0,0,0,0,0,1,0,1,0
43,27,O=C1CC(C)(C)CCC1,"H10, H11",C3,1,0,FALSE,90.7963,0.22284,0.117499,0.195267,0.032838,-6.3935,-6.3934,-6.3935,-6.393475253,0.024248,1.763480066,1.764233652,1.763480066,1.763898265,41.62622994,76.92665309,11,C3,N#C/C=C/C#N,-3.4057,-8.5588,2.987775253,2.165324747,70.57416034,0,0,0,0,0,0,0,0,1,0,1,0
43,27,O=C1CC(C)(C)CCC1,H12-H17,C5,1,0,FALSE,100.63673,0.20953,0.133463,0.1623,0.024885,-5.9542,-5.8972,-5.9012,-5.899250155,-0.069322,1.146062195,1.179815584,1.175838101,1.177793964,39.91063875,67.42988203,11,C3,N#C/C=C/C#N,-3.4057,-8.5588,2.493550155,2.659549845,70.57416034,0,0,0,0,0,0,0,0,1,0,1,0
43,27,O=C1CC(C)(C)CCC1,"H18, H19",C7,1,0,FALSE,97.90108,0.21044,0.112226,0.177672,0.024648,-5.5645,-5.3891,-5.5635,-5.50659295,-0.038348,0.98537692,1.072108206,1.072108206,1.043646794,38.37427351,76.20189484,11,C3,N#C/C=C/C#N,-3.4057,-8.5588,2.10089295,3.05220705,70.57416034,0,0,0,0,0,0,0,0,1,0,1,0
43,27,O=C1CC(C)(C)CCC1,"H22, H23",C9,1,0,FALSE,89.3007,0.21839,0.110831,0.188007,0.034273,-6.4316,-6.4043,-6.4044,-6.404372979,0.034055,1.744717734,1.752933381,1.74486067,1.744833664,35.44616331,73.3497752,11,C3,N#C/C=C/C#N,-3.4057,-8.5588,2.998672979,2.154427021,70.57416034,0,0,0,0,0,0,0,0,1,0,1,0
44,28,O=C1CC(C)CC(C)C1,"H12, H18",C4,1,46,TRUE,93.81469,0.20135,0.080815,0.182884,0.024817,-5.1443,-4.9576,-5.0794,-5.028167593,-0.074238,0.8581836253,0.9518083469,0.9518083469,0.917580975,36.43484021,83.91071981,9,C1,C=CS(=O)(C1=CC=CC=C1)=O,-1.8325,-7.5761,3.195667593,2.547932407,61.13649183,0,0,0,0,0,0,0,0,1,0,1,0
44,28,O=C1CC(C)CC(C)C1,"H10, H11, H22, H23",C3,1,0,FALSE,90.7114,0.22851,0.131242,0.187421,0.033307,-6.4069,-6.3663,-6.4066,-6.394557495,-0.003995,1.771061275,1.779762903,1.771224646,1.773596654,35.42313402,74.50281729,9,C1,C=CS(=O)(C1=CC=CC=C1)=O,-1.8325,-7.5761,4.562057495,1.181542505,61.13649183,0,0,0,0,0,0,0,0,1,0,1,0
44,28,O=C1CC(C)CC(C)C1,"H13-H15, H19-H21",C5,1,0,FALSE,100.52799,0.20418,0.132231,0.15943,0.024617,-5.8892,-5.7971,-5.872,-5.875661758,-0.038197,1.089979112,1.152788462,1.152788462,1.149446965,37.66783337,64.71897173,9,C1,C=CS(=O)(C1=CC=CC=C1)=O,-1.8325,-7.5761,4.043161758,1.700438242,61.13649183,0,0,0,0,0,0,0,0,1,0,1,0
44,28,O=C1CC(C)CC(C)C1,"H16, H17",C6,1,0,FALSE,98.25234,0.20948,0.112481,0.176336,0.024298,-5.5617,-5.3918,-5.4112,-5.426855135,-0.009349,1.009526804,1.095207505,1.032246041,1.038420378,38.43178751,75.82587196,9,C1,C=CS(=O)(C1=CC=CC=C1)=O,-1.8325,-7.5761,3.594355135,2.149244865,61.13649183,0,0,0,0,0,0,0,0,1,0,1,0
2,29,O=C1CC(CCC(C)C)CC(C)(C)C1,H22,C7,1,59,TRUE,94.850945,0.18527,0.067389,0.183335,0.018165,-4.9088,-4.7785,-4.9088,-4.852744796,-0.07729,0.7667601654,0.8450589505,0.8404094136,0.8091396277,39.25844681,83.89460356,3,C3,O=C(/C=C\C(OC)=O)OC,-1.9632,-7.6251,2.889544796,2.772355204,71.91406126,0,0,0,0,0,0,0,1,1,0,1,0
45,29,O=C1CC(CCC(C)C)CC(C)(C)C1,"H15, H16",C3,1,0,FALSE,90.56275,0.21782,0.112594,0.198011,0.032677,-6.3587,-6.3196,-6.3528,-6.348030342,-0.007246,1.768846415,1.80650028,1.780165984,1.788446104,42.84610519,75.75393933,3,C3,O=C(/C=C\C(OC)=O)OC,-1.9632,-7.6251,4.384830342,1.277069658,71.91406126,0,0,0,0,0,0,0,1,1,0,1,0
45,29,O=C1CC(CCC(C)C)CC(C)(C)C1,H17,C4,1,0,FALSE,94.42741,0.19784,0.101084,0.200677,0.022096,-5.1128,-4.8525,-4.9582,-4.952444642,-0.042685,0.8947502032,0.9865508622,0.9142912978,0.9334779944,51.51666325,86.35132217,3,C3,O=C(/C=C\C(OC)=O)OC,-1.9632,-7.6251,2.989244642,2.672655358,71.91406126,0,0,0,0,0,0,0,1,1,0,1,0
45,29,O=C1CC(CCC(C)C)CC(C)(C)C1,"H18, H19",C5,1,0,FALSE,96.498566,0.19867,0.099338,0.177946,0.020801,-5.3363,-5.2402,-5.3245,-5.289397099,-0.042,0.9488020226,0.9926769129,0.9524984571,0.9589117439,41.37429437,76.9608649,3,C3,O=C(/C=C\C(OC)=O)OC,-1.9632,-7.6251,3.326197099,2.335702901,71.91406126,0,0,0,0,0,0,0,1,1,0,1,0
45,29,O=C1CC(CCC(C)C)CC(C)(C)C1,"H20, H21",C6,1,0,FALSE,96.40716,0.19804,0.099467,0.17589,0.020417,-5.3439,-5.1967,-5.2258,-5.246059772,-0.007156,0.9016017141,1.04341366,0.9574468584,0.9656323658,41.02245505,76.88744062,3,C3,O=C(/C=C\C(OC)=O)OC,-1.9632,-7.6251,3.282859772,2.379040228,71.91406126,0,0,0,0,0,0,0,1,1,0,1,0
45,29,O=C1CC(CCC(C)C)CC(C)(C)C1,H23-H28,C9,1,0,FALSE,100.4272,0.1987,0.11329,0.154194,0.021104,-5.7152,-5.6547,-5.7009,-5.688117801,-0.041511,1.046804476,1.082362977,1.069603643,1.065071611,31.3495418,64.45448304,3,C3,O=C(/C=C\C(OC)=O)OC,-1.9632,-7.6251,3.724917801,1.936982199,71.91406126,0,0,0,0,0,0,0,1,1,0,1,0
45,29,O=C1CC(CCC(C)C)CC(C)(C)C1,"H29, H30",C10,1,0,FALSE,98.201,0.21018,0.111877,0.183264,0.023118,-5.5356,-5.5011,-5.5174,-5.519543122,0.023928,1.069029215,1.120261246,1.11392679,1.100362348,43.20515483,79.48019504,3,C3,O=C(/C=C\C(OC)=O)OC,-1.9632,-7.6251,3.556343122,2.105556878,71.91406126,0,0,0,0,0,0,0,1,1,0,1,0
45,29,O=C1CC(CCC(C)C)CC(C)(C)C1,H31-H36,C13,1,0,FALSE,100.52346,0.20973,0.138942,0.163253,0.024517,-5.9181,-5.8469,-5.8554,-5.856441448,-0.045384,1.159616773,1.171513087,1.159616773,1.162360593,40.05686223,66.77247122,3,C3,O=C(/C=C\C(OC)=O)OC,-1.9632,-7.6251,3.893241448,1.768658552,71.91406126,0,0,0,0,0,0,0,1,1,0,1,0
45,29,O=C1CC(CCC(C)C)CC(C)(C)C1,"H37, H38",C14,1,0,FALSE,90.8347,0.22255,0.113217,0.195685,0.032706,-6.3852,-6.3635,-6.3691,-6.372089785,0.033556,1.775668336,1.792434297,1.779022974,1.782434165,41.60954148,76.88820642,3,C3,O=C(/C=C\C(OC)=O)OC,-1.9632,-7.6251,4.408889785,1.253010215,71.91406126,0,0,0,0,0,0,0,1,1,0,1,0
46,30,C1COCCO1,H7-H14,"C1, C2, C4, C5",9,59,TRUE,95.65935449,0.16653,0.090702,0.170083,0.023377,-4.9603,-4.7224,-4.9603,-4.931987427,0.027769,0.7185879907,0.8222744932,0.8222744932,0.8098707517,31.92508399,69.51550055,3,C3,O=C(/C=C\C(OC)=O)OC,-1.9632,-7.6251,2.968787427,2.693112573,71.91406126,0,0,0,0,1,0,0,0,1,0,0,0
47,31,O=C1CCCC1,H9-H12,"C4, C5",4,61,TRUE,97.04194,0.21162,0.112012,0.158203,0.028065,-5.5234,-5.5223,-5.5223,-5.522839907,-0.042248,0.9801353848,0.9805655819,0.9801353848,0.9803465363,28.02139487,70.11646088,4,C1,C=CC#N,-1.9782,-8.1074,3.544639907,2.584560093,59.79266387,0,0,0,0,0,0,0,0,1,0,1,0
47,31,O=C1CCCC1,"H7, H8, H13, H14","C3, C6",4,0,FALSE,90.00152,0.23676,0.133381,0.177333,0.040125,-6.5271,-6.5267,-6.5267,-6.52689934,-0.036127,1.77090943,1.77129499,1.77090943,1.771101574,29.37438113,70.63714342,4,C1,C=CC#N,-1.9782,-8.1074,4.54869934,1.58050066,59.79266387,0,0,0,0,0,0,0,0,1,0,1,0
48,31,O=C1CCCC1,H9-H12,"C4, C5",4,41,TRUE,97.04194,0.21162,0.112012,0.158203,0.028065,-5.5234,-5.5223,-5.5223,-5.522839907,-0.042248,0.9801353848,0.9805655819,0.9801353848,0.9803465363,28.02139487,70.11646088,5,C1,C=CC(C)=O,-1.9354,-7.0384,3.587439907,1.515560093,60.77911164,0,0,0,0,0,0,0,0,1,0,1,0
48,31,O=C1CCCC1,"H7, H8, H13, H14","C3, C6",4,0,FALSE,90.00152,0.23676,0.133381,0.177333,0.040125,-6.5271,-6.5267,-6.5267,-6.52689934,-0.036127,1.77090943,1.77129499,1.77090943,1.771101574,29.37438113,70.63714342,5,C1,C=CC(C)=O,-1.9354,-7.0384,4.59149934,0.5115006603,60.77911164,0,0,0,0,0,0,0,0,1,0,1,0
49,31,O=C1CCCC1,H9-H12,"C4, C5",4,46,TRUE,97.04194,0.21162,0.112012,0.158203,0.028065,-5.5234,-5.5223,-5.5223,-5.522839907,-0.042248,0.9801353848,0.9805655819,0.9801353848,0.9803465363,28.02139487,70.11646088,6,C1,C=CC(OCC)=O,-1.6299,-7.7176,3.892939907,2.194760093,60.65039622,0,0,0,0,0,0,0,0,1,0,1,0
49,31,O=C1CCCC1,"H7, H8, H13, H14","C3, C6",4,0,FALSE,90.00152,0.23676,0.133381,0.177333,0.040125,-6.5271,-6.5267,-6.5267,-6.52689934,-0.036127,1.77090943,1.77129499,1.77090943,1.771101574,29.37438113,70.63714342,6,C1,C=CC(OCC)=O,-1.6299,-7.7176,4.89699934,1.19070066,60.65039622,0,0,0,0,0,0,0,0,1,0,1,0
50,31,O=C1CCCC1,H9-H12,"C4, C5",4,51,TRUE,97.04194,0.21162,0.112012,0.158203,0.028065,-5.5234,-5.5223,-5.5223,-5.522839907,-0.042248,0.9801353848,0.9805655819,0.9801353848,0.9803465363,28.02139487,70.11646088,13,C1,C=CC(OC(C)(C)C)=O,-1.858,-7.5221,3.664839907,1.999260093,63.41817129,0,0,0,0,0,0,0,0,1,0,1,0
50,31,O=C1CCCC1,"H7, H8, H13, H14","C3, C6",4,0,FALSE,90.00152,0.23676,0.133381,0.177333,0.040125,-6.5271,-6.5267,-6.5267,-6.52689934,-0.036127,1.77090943,1.77129499,1.77090943,1.771101574,29.37438113,70.63714342,13,C1,C=CC(OC(C)(C)C)=O,-1.858,-7.5221,4.66889934,0.9952006603,63.41817129,0,0,0,0,0,0,0,0,1,0,1,0
51,31,O=C1CCCC1,H9-H12,"C4, C5",4,61,TRUE,97.04194,0.21162,0.112012,0.158203,0.028065,-5.5234,-5.5223,-5.5223,-5.522839907,-0.042248,0.9801353848,0.9805655819,0.9801353848,0.9803465363,28.02139487,70.11646088,15,"C3, C4",O=C(/C=C\C(OCCCC)=O)OCCCC,-1.284,-6.135,4.238839907,0.6121600925,85.41614011,0,0,0,0,0,0,0,0,1,0,1,0
51,31,O=C1CCCC1,"H7, H8, H13, H14","C3, C6",4,0,FALSE,90.00152,0.23676,0.133381,0.177333,0.040125,-6.5271,-6.5267,-6.5267,-6.52689934,-0.036127,1.77090943,1.77129499,1.77090943,1.771101574,29.37438113,70.63714342,15,"C3, C4",O=C(/C=C\C(OCCCC)=O)OCCCC,-1.284,-6.135,5.24289934,0.3918993397,85.41614011,0,0,0,0,0,0,0,0,1,0,1,0
52,31,O=C1CCCC1,H9-H12,"C4, C5",4,70,TRUE,97.04194,0.21162,0.112012,0.158203,0.028065,-5.5234,-5.5223,-5.5223,-5.522839907,-0.042248,0.9801353848,0.9805655819,0.9801353848,0.9803465363,28.02139487,70.11646088,9,C1,C=CS(=O)(C1=CC=CC=C1)=O,-1.8325,-7.5761,3.690339907,2.053260093,61.13649183,0,0,0,0,0,0,0,0,1,0,1,0
52,31,O=C1CCCC1,"H7, H8, H13, H14","C3, C6",4,0,FALSE,90.00152,0.23676,0.133381,0.177333,0.040125,-6.5271,-6.5267,-6.5267,-6.52689934,-0.036127,1.77090943,1.77129499,1.77090943,1.771101574,29.37438113,70.63714342,9,C1,C=CS(=O)(C1=CC=CC=C1)=O,-1.8325,-7.5761,4.69439934,1.04920066,61.13649183,0,0,0,0,0,0,0,0,1,0,1,0
53,31,O=C1CCCC1,H9-H12,"C4, C5",4,73,TRUE,97.04194,0.21162,0.112012,0.158203,0.028065,-5.5234,-5.5223,-5.5223,-5.522839907,-0.042248,0.9801353848,0.9805655819,0.9801353848,0.9803465363,28.02139487,70.11646088,11,C3,N#C/C=C/C#N,-3.4057,-8.5588,2.117139907,3.035960093,70.57416034,0,0,0,0,0,0,0,0,1,0,1,0
53,31,O=C1CCCC1,"H7, H8, H13, H14","C3, C6",4,0,FALSE,90.00152,0.23676,0.133381,0.177333,0.040125,-6.5271,-6.5267,-6.5267,-6.52689934,-0.036127,1.77090943,1.77129499,1.77090943,1.771101574,29.37438113,70.63714342,11,C3,N#C/C=C/C#N,-3.4057,-8.5588,3.12119934,2.03190066,70.57416034,0,0,0,0,0,0,0,0,1,0,1,0
54,31,O=C1CCCC1,H9-H12,"C4, C5",4,55,TRUE,97.04194,0.21162,0.112012,0.158203,0.028065,-5.5234,-5.5223,-5.5223,-5.522839907,-0.042248,0.9801353848,0.9805655819,0.9801353848,0.9803465363,28.02139487,70.11646088,12,C1,C=C1C(C2)CCC2C1=O,-1.7488,-6.6841,3.774039907,1.161260093,60.93505247,0,0,0,0,0,0,0,0,1,0,1,0
54,31,O=C1CCCC1,"H7, H8, H13, H14","C3, C6",4,0,FALSE,90.00152,0.23676,0.133381,0.177333,0.040125,-6.5271,-6.5267,-6.5267,-6.52689934,-0.036127,1.77090943,1.77129499,1.77090943,1.771101574,29.37438113,70.63714342,12,C1,C=C1C(C2)CCC2C1=O,-1.7488,-6.6841,4.77809934,0.1572006603,60.93505247,0,0,0,0,0,0,0,0,1,0,1,0
55,32,O=C1CC(C)CC1,H10,C4,4,44,TRUE,94.63573,0.19325,0.078058,0.188563,0.022692,-5.1482,-5.1418,-5.1419,-5.143479397,-0.074413,0.9260638262,0.9291392622,0.9266321322,0.9271315771,39.13158043,81.1235565,5,C1,C=CC(C)=O,-1.9354,-7.0384,3.208079397,1.894920603,60.77911164,0,0,0,0,0,0,0,0,1,0,1,0
55,32,O=C1CC(C)CC1,"H8, H9",C3,4,0,FALSE,90.60606,0.23024,0.114552,0.195692,0.039395,-6.5248,-6.4776,-6.4776,-6.489715999,-0.005532,1.820823143,1.825571861,1.825178498,1.824265399,36.78214739,72.39065776,5,C1,C=CC(C)=O,-1.9354,-7.0384,4.554315999,0.5486840007,60.77911164,0,0,0,0,0,0,0,0,1,0,1,0
55,32,O=C1CC(C)CC1,H11-H13,C5,4,0,FALSE,100.33048,0.20947,0.117678,0.147506,0.0264,-5.9996,-5.8859,-5.8863,-5.897109078,-0.036781,1.131708915,1.211265849,1.13238719,1.139606796,25.3186243,61.81645754,5,C1,C=CC(C)=O,-1.9354,-7.0384,3.961709078,1.141290922,60.77911164,0,0,0,0,0,0,0,0,1,0,1,0
55,32,O=C1CC(C)CC1,"H14, H15",C6,4,0,FALSE,97.55508,0.19723,0.098979,0.175551,0.023344,-5.5618,-5.5333,-5.5597,-5.55743518,-0.051139,1.033675138,1.062679934,1.062497517,1.058960053,36.41746739,71.9952805,5,C1,C=CC(C)=O,-1.9354,-7.0384,3.62203518,1.48096482,60.77911164,0,0,0,0,0,0,0,0,1,0,1,0
55,32,O=C1CC(C)CC1,"H16, H17",C7,4,0,FALSE,90.18708,0.23276,0.119847,0.188656,0.040289,-6.5066,-6.4751,-6.5066,-6.497846168,0.035455,1.768831747,1.777699923,1.769355404,1.770721531,31.78022453,70.63229211,5,C1,C=CC(C)=O,-1.9354,-7.0384,4.562446168,0.5405538323,60.77911164,0,0,0,0,0,0,0,0,1,0,1,0
56,32,O=C1CC(C)CC1,H10,C4,4,62,TRUE,94.63573,0.19325,0.078058,0.188563,0.022692,-5.1482,-5.1418,-5.1419,-5.143479397,-0.074413,0.9260638262,0.9291392622,0.9266321322,0.9271315771,39.13158043,81.1235565,9,C1,C=CS(=O)(C1=CC=CC=C1)=O,-1.8325,-7.5761,3.310979397,2.432620603,61.13649183,0,0,0,0,0,0,0,0,1,0,1,0
56,32,O=C1CC(C)CC1,"H8, H9",C3,4,0,FALSE,90.60606,0.23024,0.114552,0.195692,0.039395,-6.5248,-6.4776,-6.4776,-6.489715999,-0.005532,1.820823143,1.825571861,1.825178498,1.824265399,36.78214739,72.39065776,9,C1,C=CS(=O)(C1=CC=CC=C1)=O,-1.8325,-7.5761,4.657215999,1.086384001,61.13649183,0,0,0,0,0,0,0,0,1,0,1,0
56,32,O=C1CC(C)CC1,H11-H13,C5,4,0,FALSE,100.33048,0.20947,0.117678,0.147506,0.0264,-5.9996,-5.8859,-5.8863,-5.897109078,-0.036781,1.131708915,1.211265849,1.13238719,1.139606796,25.3186243,61.81645754,9,C1,C=CS(=O)(C1=CC=CC=C1)=O,-1.8325,-7.5761,4.064609078,1.678990922,61.13649183,0,0,0,0,0,0,0,0,1,0,1,0
56,32,O=C1CC(C)CC1,"H14, H15",C6,4,0,FALSE,97.55508,0.19723,0.098979,0.175551,0.023344,-5.5618,-5.5333,-5.5597,-5.55743518,-0.051139,1.033675138,1.062679934,1.062497517,1.058960053,36.41746739,71.9952805,9,C1,C=CS(=O)(C1=CC=CC=C1)=O,-1.8325,-7.5761,3.72493518,2.01866482,61.13649183,0,0,0,0,0,0,0,0,1,0,1,0
56,32,O=C1CC(C)CC1,"H16, H17",C7,4,0,FALSE,90.18708,0.23276,0.119847,0.188656,0.040289,-6.5066,-6.4751,-6.5066,-6.497846168,0.035455,1.768831747,1.777699923,1.769355404,1.770721531,31.78022453,70.63229211,9,C1,C=CS(=O)(C1=CC=CC=C1)=O,-1.8325,-7.5761,4.665346168,1.078253832,61.13649183,0,0,0,0,0,0,0,0,1,0,1,0
57,33,CCCC#N,"H9, H10",C2,2,69,TRUE,98.32946,0.2062,0.114278,0.169845,0.032796,-5.9508,-5.937,-5.937,-5.942068393,-0.007279,1.128738222,1.131772094,1.131772094,1.130877704,31.57590518,70.97436352,3,C3,O=C(/C=C\C(OC)=O)OC,-1.9632,-7.6251,3.978868393,1.683031607,71.91406126,0,0,0,0,0,0,0,1,0,0,0,1
57,33,CCCC#N,H6-H8,C1,2,0,FALSE,100.82503,0.21301,0.118604,0.141609,0.03079,-6.3317,-6.1276,-6.2252,-6.176538512,-0.027251,1.217301639,1.347873084,1.278349522,1.248056874,22.29197607,60.20878836,3,C3,O=C(/C=C\C(OC)=O)OC,-1.9632,-7.6251,4.213338512,1.448561488,71.91406126,0,0,0,0,0,0,0,1,0,0,0,1
57,33,CCCC#N,"H11, H12",C3,2,0,FALSE,92.105034,0.24145,0.139878,0.19249,0.053202,-6.5543,-6.4772,-6.4772,-6.507042944,0.063389,1.673183194,1.737919417,1.673183194,1.698132667,31.219085,70.53585427,3,C3,O=C(/C=C\C(OC)=O)OC,-1.9632,-7.6251,4.543842944,1.118057056,71.91406126,0,0,0,0,0,0,0,1,0,0,0,1
58,34,N#CCCCC,"H11, H12",C5,2,71,TRUE,97.500404,0.20932,0.128359,0.173011,0.026567,-5.7535,-5.5296,-5.6847,-5.623999384,-0.072994,1.006423897,1.108354282,1.071912213,1.052460389,37.31924285,71.24436372,3,C3,O=C(/C=C\C(OC)=O)OC,-1.9632,-7.6251,3.660799384,2.001100616,71.91406126,0,0,0,0,0,0,0,1,0,0,0,1
58,34,N#CCCCC,"H7, H8",C3,2,0,FALSE,91.98522,0.2423,0.141935,0.192992,0.051815,-6.5135,-6.4602,-6.4602,-6.496424272,-0.025013,1.67585272,1.73874346,1.67585272,1.711056401,31.07843974,70.56640098,3,C3,O=C(/C=C\C(OC)=O)OC,-1.9632,-7.6251,4.533224272,1.128675728,71.91406126,0,0,0,0,0,0,0,1,0,0,0,1
58,34,N#CCCCC,"H9, H10",C4,2,0,FALSE,98.65742,0.20432,0.109585,0.168386,0.029769,-6.05,-5.8763,-5.8955,-5.926175146,-0.036213,1.133005204,1.210684026,1.141565607,1.158172683,32.93249566,72.86828728,3,C3,O=C(/C=C\C(OC)=O)OC,-1.9632,-7.6251,3.962975146,1.698924854,71.91406126,0,0,0,0,0,0,0,1,0,0,0,1
58,34,N#CCCCC,H13-H15,C6,2,0,FALSE,100.078285,0.21137,0.122388,0.141462,0.028486,-6.1101,-5.7261,-5.9986,-6.014163621,0.053538,1.065365263,1.228374102,1.17436601,1.184405314,21.38311268,61.61674114,3,C3,O=C(/C=C\C(OC)=O)OC,-1.9632,-7.6251,4.050963621,1.610936379,71.91406126,0,0,0,0,0,0,0,1,0,0,0,1
59,35,CC(C)CC#N,H10,C2,2,79,TRUE,96.22105,0.20207,0.091896,0.189346,0.02976,-5.6488,-5.545,-5.6488,-5.592960739,-0.07321,1.041474044,1.064437838,1.064437838,1.05233057,38.68951091,82.05481261,3,C3,O=C(/C=C\C(OC)=O)OC,-1.9632,-7.6251,3.629760739,2.032139261,71.91406126,0,0,0,0,0,0,0,1,0,0,0,1
59,35,CC(C)CC#N,"H7-H9, H11-H13","C1, C3",2,0,FALSE,101.13838,0.21305,0.116107,0.149512,0.02933,-6.2051,-6.1251,-6.2051,-6.171476719,0.002172,1.25926846,1.291325507,1.291325507,1.275271149,26.68891492,62.42368698,3,C3,O=C(/C=C\C(OC)=O)OC,-1.9632,-7.6251,4.208276719,1.453623281,71.91406126,0,0,0,0,0,0,0,1,0,0,0,1
59,35,CC(C)CC#N,"H15, H16",C4,2,0,FALSE,92.77379,0.24169,0.139739,0.198642,0.050388,-6.5139,-6.4837,-6.4837,-6.493574663,0.063723,1.732749168,1.734081516,1.732749168,1.05233057,35.55727256,72.75599354,3,C3,O=C(/C=C\C(OC)=O)OC,-1.9632,-7.6251,4.530374663,1.131525337,71.91406126,0,0,0,0,0,0,0,1,0,0,0,1
60,35,CC(C)CC#N,H10,C2,2,82,TRUE,96.22105,0.20207,0.091896,0.189346,0.02976,-5.6488,-5.545,-5.6488,-5.592960739,-0.07321,1.041474044,1.064437838,1.064437838,1.275271149,38.68951091,82.05481261,13,C1,C=CC(OC(C)(C)C)=O,-1.858,-7.5221,3.734960739,1.929139261,63.41817129,0,0,0,0,0,0,0,1,0,0,0,1
60,35,CC(C)CC#N,"H7-H9, H11-H13","C1, C3",2,0,FALSE,101.13838,0.21305,0.116107,0.149512,0.02933,-6.2051,-6.1251,-6.2051,-6.171476719,0.002172,1.25926846,1.291325507,1.291325507,1.05233057,26.68891492,62.42368698,13,C1,C=CC(OC(C)(C)C)=O,-1.858,-7.5221,4.313476719,1.350623281,63.41817129,0,0,0,0,0,0,0,1,0,0,0,1
60,35,CC(C)CC#N,"H15, H16",C4,2,0,FALSE,92.77379,0.24169,0.139739,0.198642,0.050388,-6.5139,-6.4837,-6.4837,-6.493574663,0.063723,1.732749168,1.734081516,1.732749168,1.275271149,35.55727256,72.75599354,13,C1,C=CC(OC(C)(C)C)=O,-1.858,-7.5221,4.635574663,1.028525337,63.41817129,0,0,0,0,0,0,0,1,0,0,0,1
61,35,CC(C)CC#N,H10,C2,2,86,TRUE,96.22105,0.20207,0.091896,0.189346,0.02976,-5.6488,-5.545,-5.6488,-5.592960739,-0.07321,1.041474044,1.064437838,1.064437838,1.05233057,38.68951091,82.05481261,5,C1,C=CC(C)=O,-1.9354,-7.0384,3.657560739,1.445439261,60.77911164,0,0,0,0,0,0,0,1,0,0,0,1
61,35,CC(C)CC#N,"H7-H9, H11-H13","C1, C3",2,0,FALSE,101.13838,0.21305,0.116107,0.149512,0.02933,-6.2051,-6.1251,-6.2051,-6.171476719,0.002172,1.25926846,1.291325507,1.291325507,1.275271149,26.68891492,62.42368698,5,C1,C=CC(C)=O,-1.9354,-7.0384,4.236076719,0.8669232809,60.77911164,0,0,0,0,0,0,0,1,0,0,0,1
61,35,CC(C)CC#N,"H15, H16",C4,2,0,FALSE,92.77379,0.24169,0.139739,0.198642,0.050388,-6.5139,-6.4837,-6.4837,-6.493574663,0.063723,1.732749168,1.734081516,1.732749168,1.05233057,35.55727256,72.75599354,5,C1,C=CC(C)=O,-1.9354,-7.0384,4.558174663,0.5448253375,60.77911164,0,0,0,0,0,0,0,1,0,0,0,1
62,35,CC(C)CC#N,H10,C2,2,73,TRUE,96.22105,0.20207,0.091896,0.189346,0.02976,-5.6488,-5.545,-5.6488,-5.592960739,-0.07321,1.041474044,1.064437838,1.064437838,1.275271149,38.68951091,82.05481261,4,C1,C=CC#N,-1.9782,-8.1074,3.614760739,2.514439261,59.79266387,0,0,0,0,0,0,0,1,0,0,0,1
62,35,CC(C)CC#N,"H7-H9, H11-H13","C1, C3",2,0,FALSE,101.13838,0.21305,0.116107,0.149512,0.02933,-6.2051,-6.1251,-6.2051,-6.171476719,0.002172,1.25926846,1.291325507,1.291325507,1.05233057,26.68891492,62.42368698,4,C1,C=CC#N,-1.9782,-8.1074,4.193276719,1.935923281,59.79266387,0,0,0,0,0,0,0,1,0,0,0,1
62,35,CC(C)CC#N,"H15, H16",C4,2,0,FALSE,92.77379,0.24169,0.139739,0.198642,0.050388,-6.5139,-6.4837,-6.4837,-6.493574663,0.063723,1.732749168,1.734081516,1.732749168,1.275271149,35.55727256,72.75599354,4,C1,C=CC#N,-1.9782,-8.1074,4.515374663,1.613825337,59.79266387,0,0,0,0,0,0,0,1,0,0,0,1
63,35,CC(C)CC#N,H10,C2,2,68,TRUE,96.22105,0.20207,0.091896,0.189346,0.02976,-5.6488,-5.545,-5.6488,-5.592960739,-0.07321,1.041474044,1.064437838,1.064437838,1.05233057,38.68951091,82.05481261,14,C1,C=CC(N)=O,-1.4016,-7.1731,4.191360739,1.580139261,60.80402992,0,0,0,0,0,0,0,1,0,0,0,1
63,35,CC(C)CC#N,"H7-H9, H11-H13","C1, C3",2,0,FALSE,101.13838,0.21305,0.116107,0.149512,0.02933,-6.2051,-6.1251,-6.2051,-6.171476719,0.002172,1.25926846,1.291325507,1.291325507,1.275271149,26.68891492,62.42368698,14,C1,C=CC(N)=O,-1.4016,-7.1731,4.769876719,1.001623281,60.80402992,0,0,0,0,0,0,0,1,0,0,0,1
63,35,CC(C)CC#N,"H15, H16",C4,2,0,FALSE,92.77379,0.24169,0.139739,0.198642,0.050388,-6.5139,-6.4837,-6.4837,-6.493574663,0.063723,1.732749168,1.734081516,1.732749168,1.05233057,35.55727256,72.75599354,14,C1,C=CC(N)=O,-1.4016,-7.1731,5.091974663,0.6795253375,60.80402992,0,0,0,0,0,0,0,1,0,0,0,1
64,35,CC(C)CC#N,H10,C2,2,83,TRUE,96.22105,0.20207,0.091896,0.189346,0.02976,-5.6488,-5.545,-5.6488,-5.592960739,-0.07321,1.041474044,1.064437838,1.064437838,1.275271149,38.68951091,82.05481261,9,C1,C=CS(=O)(C1=CC=CC=C1)=O,-1.8325,-7.5761,3.760460739,1.983139261,61.13649183,0,0,0,0,0,0,0,1,0,0,0,1
64,35,CC(C)CC#N,"H7-H9, H11-H13","C1, C3",2,0,FALSE,101.13838,0.21305,0.116107,0.149512,0.02933,-6.2051,-6.1251,-6.2051,-6.171476719,0.002172,1.25926846,1.291325507,1.291325507,1.05233057,26.68891492,62.42368698,9,C1,C=CS(=O)(C1=CC=CC=C1)=O,-1.8325,-7.5761,4.338976719,1.404623281,61.13649183,0,0,0,0,0,0,0,1,0,0,0,1
64,35,CC(C)CC#N,"H15, H16",C4,2,0,FALSE,92.77379,0.24169,0.139739,0.198642,0.050388,-6.5139,-6.4837,-6.4837,-6.493574663,0.063723,1.732749168,1.734081516,1.732749168,1.275271149,35.55727256,72.75599354,9,C1,C=CS(=O)(C1=CC=CC=C1)=O,-1.8325,-7.5761,4.661074663,1.082525337,61.13649183,0,0,0,0,0,0,0,1,0,0,0,1
65,36,CCC#N,"H8, H9",C2,2,31,TRUE,91.0488,0.24395,0.137958,0.184978,0.054314,-6.5944,-6.5942,-6.5942,-6.594299156,0.062279,1.691425419,1.691567899,1.691425419,1.691496058,26.67237233,69.12226554,9,C1,C=CS(=O)(C1=CC=CC=C1)=O,-1.8325,-7.5761,4.761799156,0.9818008441,61.13649183,0,0,0,0,0,0,0,1,0,0,0,1
65,36,CCC#N,H5-H7,C1,2,0,FALSE,101.45848,0.21312,0.125666,0.144139,0.03583,-6.7422,-6.5122,-6.5122,-6.579383347,-0.00267,1.32502806,1.42631003,1.32502806,1.354612677,21.31836202,59.94612364,9,C1,C=CS(=O)(C1=CC=CC=C1)=O,-1.8325,-7.5761,4.746883347,0.9967166526,61.13649183,0,0,0,0,0,0,0,1,0,0,0,1
66,37,N#CCCC(C)C,H12,C5,2,79,TRUE,95.49716,0.20576,0.105559,0.193959,0.02475,-5.3408,-5.0789,-5.131,-5.179469997,-0.076661,0.907436305,0.9771143717,0.907436305,0.9329855139,44.6263706,83.09741963,3,C3,O=C(/C=C\C(OC)=O)OC,-1.9632,-7.6251,3.216269997,2.445630003,71.91406126,0,0,0,0,0,0,0,1,0,0,0,1
66,37,N#CCCC(C)C,"H8, H9",C3,2,0,FALSE,91.490685,0.24476,0.157726,0.193428,0.050493,-6.5073,-6.497,-6.5041,-6.502320163,-0.027024,1.718909995,1.767405321,1.720679375,1.732432288,35.50874329,72.0126415,3,C3,O=C(/C=C\C(OC)=O)OC,-1.9632,-7.6251,4.539120163,1.122779837,71.91406126,0,0,0,0,0,0,0,1,0,0,0,1
66,37,N#CCCC(C)C,"H10, H11",C4,2,0,FALSE,98.96935,0.20463,0.111306,0.177578,0.028544,-6.0099,-5.8669,-5.9267,-5.916123913,-0.004984,1.129811301,1.204807657,1.168678213,1.159853278,37.34557825,75.09169601,3,C3,O=C(/C=C\C(OC)=O)OC,-1.9632,-7.6251,3.952923913,1.708976087,71.91406126,0,0,0,0,0,0,0,1,0,0,0,1
66,37,N#CCCC(C)C,H13-H18,"C6, C7",2,0,FALSE,100.44166,0.20973,0.119007,0.147458,0.026954,-6.0988,-5.6903,-5.8884,-5.946719037,-0.069935,1.073264351,1.261904587,1.153416686,1.182788776,26.02649508,62.47895087,3,C3,O=C(/C=C\C(OC)=O)OC,-1.9632,-7.6251,3.983519037,1.678380963,71.91406126,0,0,0,0,0,0,0,1,0,0,0,1
67,37,N#CCCC(C)C,H12,C5,2,75,TRUE,95.49716,0.20576,0.105559,0.193959,0.02475,-5.3408,-5.0789,-5.131,-5.179469997,-0.076661,0.907436305,0.9771143717,0.907436305,0.9329855139,44.6263706,83.09741963,13,C1,C=CC(OC(C)(C)C)=O,-1.858,-7.5221,3.321469997,2.342630003,63.41817129,0,0,0,0,0,0,0,1,0,0,0,1
67,37,N#CCCC(C)C,"H8, H9",C3,2,0,FALSE,91.490685,0.24476,0.157726,0.193428,0.050493,-6.5073,-6.497,-6.5041,-6.502320163,-0.027024,1.718909995,1.767405321,1.720679375,1.732432288,35.50874329,72.0126415,13,C1,C=CC(OC(C)(C)C)=O,-1.858,-7.5221,4.644320163,1.019779837,63.41817129,0,0,0,0,0,0,0,1,0,0,0,1
67,37,N#CCCC(C)C,"H10, H11",C4,2,0,FALSE,98.96935,0.20463,0.111306,0.177578,0.028544,-6.0099,-5.8669,-5.9267,-5.916123913,-0.004984,1.129811301,1.204807657,1.168678213,1.159853278,37.34557825,75.09169601,13,C1,C=CC(OC(C)(C)C)=O,-1.858,-7.5221,4.058123913,1.605976087,63.41817129,0,0,0,0,0,0,0,1,0,0,0,1
67,37,N#CCCC(C)C,H13-H18,"C6, C7",2,0,FALSE,100.44166,0.20973,0.119007,0.147458,0.026954,-6.0988,-5.6903,-5.8884,-5.946719037,-0.069935,1.073264351,1.261904587,1.153416686,1.182788776,26.02649508,62.47895087,13,C1,C=CC(OC(C)(C)C)=O,-1.858,-7.5221,4.088719037,1.575380963,63.41817129,0,0,0,0,0,0,0,1,0,0,0,1
68,37,N#CCCC(C)C,H12,C5,2,60,TRUE,95.49716,0.20576,0.105559,0.193959,0.02475,-5.3408,-5.0789,-5.131,-5.179469997,-0.076661,0.907436305,0.9771143717,0.907436305,0.9329855139,44.6263706,83.09741963,5,C1,C=CC(C)=O,-1.9354,-7.0384,3.244069997,1.858930003,60.77911164,0,0,0,0,0,0,0,1,0,0,0,1
68,37,N#CCCC(C)C,"H8, H9",C3,2,0,FALSE,91.490685,0.24476,0.157726,0.193428,0.050493,-6.5073,-6.497,-6.5041,-6.502320163,-0.027024,1.718909995,1.767405321,1.720679375,1.732432288,35.50874329,72.0126415,5,C1,C=CC(C)=O,-1.9354,-7.0384,4.566920163,0.5360798369,60.77911164,0,0,0,0,0,0,0,1,0,0,0,1
68,37,N#CCCC(C)C,"H10, H11",C4,2,0,FALSE,98.96935,0.20463,0.111306,0.177578,0.028544,-6.0099,-5.8669,-5.9267,-5.916123913,-0.004984,1.129811301,1.204807657,1.168678213,1.159853278,37.34557825,75.09169601,5,C1,C=CC(C)=O,-1.9354,-7.0384,3.980723913,1.122276087,60.77911164,0,0,0,0,0,0,0,1,0,0,0,1
68,37,N#CCCC(C)C,H13-H18,"C6, C7",2,0,FALSE,100.44166,0.20973,0.119007,0.147458,0.026954,-6.0988,-5.6903,-5.8884,-5.946719037,-0.069935,1.073264351,1.261904587,1.153416686,1.182788776,26.02649508,62.47895087,5,C1,C=CC(C)=O,-1.9354,-7.0384,4.011319037,1.091680963,60.77911164,0,0,0,0,0,0,0,1,0,0,0,1
69,37,N#CCCC(C)C,H12,C5,2,73,TRUE,95.49716,0.20576,0.105559,0.193959,0.02475,-5.3408,-5.0789,-5.131,-5.179469997,-0.076661,0.907436305,0.9771143717,0.907436305,0.9329855139,44.6263706,83.09741963,4,C1,C=CC#N,-1.9782,-8.1074,3.201269997,2.927930003,59.79266387,0,0,0,0,0,0,0,1,0,0,0,1
69,37,N#CCCC(C)C,"H8, H9",C3,2,0,FALSE,91.490685,0.24476,0.157726,0.193428,0.050493,-6.5073,-6.497,-6.5041,-6.502320163,-0.027024,1.718909995,1.767405321,1.720679375,1.732432288,35.50874329,72.0126415,4,C1,C=CC#N,-1.9782,-8.1074,4.524120163,1.605079837,59.79266387,0,0,0,0,0,0,0,1,0,0,0,1
69,37,N#CCCC(C)C,"H10, H11",C4,2,0,FALSE,98.96935,0.20463,0.111306,0.177578,0.028544,-6.0099,-5.8669,-5.9267,-5.916123913,-0.004984,1.129811301,1.204807657,1.168678213,1.159853278,37.34557825,75.09169601,4,C1,C=CC#N,-1.9782,-8.1074,3.937923913,2.191276087,59.79266387,0,0,0,0,0,0,0,1,0,0,0,1
69,37,N#CCCC(C)C,H13-H18,"C6, C7",2,0,FALSE,100.44166,0.20973,0.119007,0.147458,0.026954,-6.0988,-5.6903,-5.8884,-5.946719037,-0.069935,1.073264351,1.261904587,1.153416686,1.182788776,26.02649508,62.47895087,4,C1,C=CC#N,-1.9782,-8.1074,3.968519037,2.160680963,59.79266387,0,0,0,0,0,0,0,1,0,0,0,1
70,37,N#CCCC(C)C,H12,C5,2,54,TRUE,95.49716,0.20576,0.105559,0.193959,0.02475,-5.3408,-5.0789,-5.131,-5.179469997,-0.076661,0.907436305,0.9771143717,0.907436305,0.9329855139,44.6263706,83.09741963,12,C1,C=C1C(C2)CCC2C1=O,-1.7488,-6.6841,3.430669997,1.504630003,60.93505247,0,0,0,0,0,0,0,1,0,0,0,1
70,37,N#CCCC(C)C,"H8, H9",C3,2,0,FALSE,91.490685,0.24476,0.157726,0.193428,0.050493,-6.5073,-6.497,-6.5041,-6.502320163,-0.027024,1.718909995,1.767405321,1.720679375,1.732432288,35.50874329,72.0126415,12,C1,C=C1C(C2)CCC2C1=O,-1.7488,-6.6841,4.753520163,0.1817798369,60.93505247,0,0,0,0,0,0,0,1,0,0,0,1
70,37,N#CCCC(C)C,"H10, H11",C4,2,0,FALSE,98.96935,0.20463,0.111306,0.177578,0.028544,-6.0099,-5.8669,-5.9267,-5.916123913,-0.004984,1.129811301,1.204807657,1.168678213,1.159853278,37.34557825,75.09169601,12,C1,C=C1C(C2)CCC2C1=O,-1.7488,-6.6841,4.167323913,0.7679760869,60.93505247,0,0,0,0,0,0,0,1,0,0,0,1
70,37,N#CCCC(C)C,H13-H18,"C6, C7",2,0,FALSE,100.44166,0.20973,0.119007,0.147458,0.026954,-6.0988,-5.6903,-5.8884,-5.946719037,-0.069935,1.073264351,1.261904587,1.153416686,1.182788776,26.02649508,62.47895087,12,C1,C=C1C(C2)CCC2C1=O,-1.7488,-6.6841,4.197919037,0.7373809627,60.93505247,0,0,0,0,0,0,0,1,0,0,0,1
71,38,N#CCCCCC#N,H11-H14,"C4, C5",2,69,TRUE,99.21641,0.22337,0.148803,0.181715,0.035976,-6.6658,-6.394,-6.5247,-6.460116608,-0.027971,1.398271657,1.568445393,1.455424648,1.430820509,38.42703659,74.31206347,3,C3,O=C(/C=C\C(OC)=O)OC,-1.9632,-7.6251,4.496916608,1.164983392,71.91406126,0,0,0,0,0,0,0,1,0,0,0,1
71,38,N#CCCCCC#N,"H9, H10, H15, H16","C3, C6",2,0,FALSE,92.18551,0.24579,0.1512,0.195283,0.055276,-7.0247,-6.6256,-6.877,-6.86273853,-0.023811,1.826450656,2.111437362,1.976122715,1.965408336,31.25176679,71.64853393,3,C3,O=C(/C=C\C(OC)=O)OC,-1.9632,-7.6251,4.89953853,0.7623614704,71.91406126,0,0,0,0,0,0,0,1,0,0,0,1
72,39,CC(C)CC(C#N)CCC#N,H15,C2,2,52,TRUE,94.57891,0.20569,0.105131,0.195442,0.024389,-5.4308,-5.1392,-5.2354,-5.25491684,-0.075505,0.9191867778,1.070150079,0.9602108794,0.9749028938,44.85459285,83.28789912,3,C3,O=C(/C=C\C(OC)=O)OC,-1.9632,-7.6251,3.29171684,2.37018316,71.91406126,0,0,0,0,0,0,0,1,0,0,0,1
72,39,CC(C)CC(C#N)CCC#N,"H12-H14, H16-H18","C1, C3",2,0,FALSE,100.54251,0.20714,0.130855,0.152026,0.026388,-6.8214,-5.8466,-6.0556,-6.090248408,-0.007274,1.12361959,1.428649507,1.226263286,1.251187192,33.59854225,64.15753994,3,C3,O=C(/C=C\C(OC)=O)OC,-1.9632,-7.6251,4.127048408,1.534851592,71.91406126,0,0,0,0,0,0,0,1,0,0,0,1
72,39,CC(C)CC(C#N)CCC#N,"H19, H20",C4,2,0,FALSE,98.69686,0.20698,0.112112,0.185034,0.029322,-6.3306,-5.783,-6.1544,-6.090562636,0.015208,1.208592115,1.46235205,1.35925575,1.344740345,42.58646922,77.36234238,3,C3,O=C(/C=C\C(OC)=O)OC,-1.9632,-7.6251,4.127362636,1.534537364,71.91406126,0,0,0,0,0,0,0,1,0,0,0,1
72,39,CC(C)CC(C#N)CCC#N,H21,C5,2,0,FALSE,88.751564,0.25697,0.152602,0.223999,0.04725,-6.4923,-6.3603,-6.4675,-6.405338434,0.062407,1.838343676,1.923588312,1.884182407,1.858817179,53.27876443,84.82611886,3,C3,O=C(/C=C\C(OC)=O)OC,-1.9632,-7.6251,4.442138434,1.219761566,71.91406126,0,0,0,0,0,0,0,1,0,0,0,1
72,39,CC(C)CC(C#N)CCC#N,"H22, H23",C8,2,0,FALSE,100.2477,0.21918,0.128494,0.18518,0.039288,-6.818,-6.4929,-6.4929,-6.685337384,-0.002222,1.449398657,1.642333725,1.449398657,1.564006942,36.98180251,74.6340294,3,C3,O=C(/C=C\C(OC)=O)OC,-1.9632,-7.6251,4.722137384,0.9397626161,71.91406126,0,0,0,0,0,0,0,1,0,0,0,1
72,39,CC(C)CC(C#N)CCC#N,"H24, H25",C9,2,0,FALSE,92.2483,0.25488,0.150526,0.192332,0.059131,-7.0215,-6.8833,-6.9185,-6.943787152,0.06524,1.995967355,2.107124887,2.032767399,2.058083965,28.61274392,72.57713453,3,C3,O=C(/C=C\C(OC)=O)OC,-1.9632,-7.6251,4.980587152,0.681312848,71.91406126,0,0,0,0,0,0,0,1,0,0,0,1